ID операции,Дата,ID магазина,Артикул,"Количество упаковок, шт.",Тип операции,Цена руб./шт.
1,6/1/2021,M1,4,180,Поступление,75
2,6/1/2021,M1,4,180,Продажа,75
3,6/1/2021,M1,5,180,Поступление,70
4,6/1/2021,M1,5,170,Продажа,70
5,6/1/2021,M1,6,180,Поступление,50
6,6/1/2021,M1,6,180,Продажа,50
7,6/1/2021,M1,9,180,Поступление,55
8,6/1/2021,M1,9,150,Продажа,55
9,6/1/2021,M1,10,180,Поступление,70
10,6/1/2021,M1,10,150,Продажа,70
11,6/1/2021,M1,13,170,Поступление,60
12,6/1/2021,M1,13,120,Продажа,60
13,6/1/2021,M1,18,180,Поступление,49
14,6/1/2021,M1,18,80,Продажа,49
15,6/1/2021,M1,24,180,Поступление,50
16,6/1/2021,M1,24,159,Продажа,50
17,6/1/2021,M1,25,170,Поступление,52
18,6/1/2021,M1,25,159,Продажа,52
19,6/1/2021,M1,26,180,Поступление,47
20,6/1/2021,M1,26,159,Продажа,47
21,6/1/2021,M1,27,180,Поступление,45
22,6/1/2021,M1,27,159,Продажа,45
23,6/1/2021,M1,28,180,Поступление,38
24,6/1/2021,M1,28,133,Продажа,38
25,6/1/2021,M1,29,180,Поступление,85
26,6/1/2021,M1,29,27,Продажа,85
27,6/1/2021,M1,30,170,Поступление,44
28,6/1/2021,M1,30,106,Продажа,44
29,6/1/2021,M1,33,180,Поступление,50
30,6/1/2021,M1,33,106,Продажа,50
31,6/1/2021,M1,34,180,Поступление,65
32,6/1/2021,M1,34,53,Продажа,65
33,6/1/2021,M1,44,170,Поступление,180
34,6/1/2021,M1,44,80,Продажа,180
35,6/1/2021,M1,45,180,Поступление,170
36,6/1/2021,M1,45,53,Продажа,170
37,6/1/2021,M1,46,180,Поступление,330
38,6/1/2021,M1,46,106,Продажа,330
39,6/1/2021,M1,47,180,Поступление,370
40,6/1/2021,M1,47,32,Продажа,370
41,6/1/2021,M1,48,180,Поступление,180
42,6/1/2021,M1,48,80,Продажа,180
43,6/1/2021,M10,4,170,Поступление,75
44,6/1/2021,M10,4,180,Продажа,75
45,6/1/2021,M10,5,180,Поступление,70
46,6/1/2021,M10,5,180,Продажа,70
47,6/1/2021,M10,6,180,Поступление,50
48,6/1/2021,M10,6,165,Продажа,50
49,6/1/2021,M10,9,170,Поступление,55
50,6/1/2021,M10,9,150,Продажа,55
51,6/1/2021,M10,10,180,Поступление,70
52,6/1/2021,M10,10,150,Продажа,70
53,6/1/2021,M10,13,180,Поступление,60
54,6/1/2021,M10,13,120,Продажа,60
55,6/1/2021,M10,18,180,Поступление,49
56,6/1/2021,M10,18,80,Продажа,49
57,6/1/2021,M10,24,180,Поступление,50
58,6/1/2021,M10,24,159,Продажа,50
59,6/1/2021,M10,25,170,Поступление,52
60,6/1/2021,M10,25,159,Продажа,52
61,6/1/2021,M10,26,180,Поступление,47
62,6/1/2021,M10,26,159,Продажа,47
63,6/1/2021,M10,27,180,Поступление,45
64,6/1/2021,M10,27,159,Продажа,45
65,6/1/2021,M10,28,170,Поступление,38
66,6/1/2021,M10,28,133,Продажа,38
67,6/1/2021,M10,29,180,Поступление,85
68,6/1/2021,M10,29,27,Продажа,85
69,6/1/2021,M10,30,180,Поступление,44
70,6/1/2021,M10,30,106,Продажа,44
71,6/1/2021,M10,33,180,Поступление,50
72,6/1/2021,M10,33,106,Продажа,50
73,6/1/2021,M10,34,180,Поступление,65
74,6/1/2021,M10,34,53,Продажа,65
75,6/1/2021,M10,44,170,Поступление,180
76,6/1/2021,M10,44,80,Продажа,180
77,6/1/2021,M10,45,180,Поступление,170
78,6/1/2021,M10,45,53,Продажа,170
79,6/1/2021,M10,46,180,Поступление,330
80,6/1/2021,M10,46,106,Продажа,330
81,6/1/2021,M10,47,170,Поступление,370
82,6/1/2021,M10,47,32,Продажа,370
83,6/1/2021,M10,48,180,Поступление,180
84,6/1/2021,M10,48,80,Продажа,180
85,6/1/2021,M11,4,180,Поступление,75
86,6/1/2021,M11,4,115,Продажа,75
87,6/1/2021,M11,5,180,Поступление,70
88,6/1/2021,M11,5,60,Продажа,70
89,6/1/2021,M11,6,180,Поступление,50
90,6/1/2021,M11,6,72,Продажа,50
91,6/1/2021,M11,9,170,Поступление,55
92,6/1/2021,M11,9,90,Продажа,55
93,6/1/2021,M11,10,180,Поступление,70
94,6/1/2021,M11,10,90,Продажа,70
95,6/1/2021,M11,13,180,Поступление,60
96,6/1/2021,M11,13,80,Продажа,60
97,6/1/2021,M11,18,170,Поступление,49
98,6/1/2021,M11,18,56,Продажа,49
99,6/1/2021,M11,24,180,Поступление,50
100,6/1/2021,M11,24,111,Продажа,50
101,6/1/2021,M11,25,180,Поступление,52
102,6/1/2021,M11,25,109,Продажа,52
103,6/1/2021,M11,26,180,Поступление,47
104,6/1/2021,M11,26,114,Продажа,47
105,6/1/2021,M11,27,180,Поступление,45
106,6/1/2021,M11,27,112,Продажа,45
107,6/1/2021,M11,28,170,Поступление,38
108,6/1/2021,M11,28,93,Продажа,38
109,6/1/2021,M11,29,180,Поступление,85
110,6/1/2021,M11,29,19,Продажа,85
111,6/1/2021,M11,30,180,Поступление,44
112,6/1/2021,M11,30,74,Продажа,44
113,6/1/2021,M11,33,170,Поступление,50
114,6/1/2021,M11,33,74,Продажа,50
115,6/1/2021,M11,34,180,Поступление,65
116,6/1/2021,M11,34,37,Продажа,65
117,6/1/2021,M11,44,180,Поступление,180
118,6/1/2021,M11,44,56,Продажа,180
119,6/1/2021,M11,45,180,Поступление,170
120,6/1/2021,M11,45,37,Продажа,170
121,6/1/2021,M11,46,180,Поступление,330
122,6/1/2021,M11,46,74,Продажа,330
123,6/1/2021,M11,47,170,Поступление,370
124,6/1/2021,M11,47,23,Продажа,370
125,6/1/2021,M11,48,180,Поступление,180
126,6/1/2021,M11,48,56,Продажа,180
127,6/1/2021,M12,4,180,Поступление,75
128,6/1/2021,M12,4,170,Продажа,75
129,6/1/2021,M12,5,170,Поступление,70
130,6/1/2021,M12,5,120,Продажа,70
131,6/1/2021,M12,6,180,Поступление,50
132,6/1/2021,M12,6,90,Продажа,50
133,6/1/2021,M12,9,180,Поступление,55
134,6/1/2021,M12,9,150,Продажа,55
135,6/1/2021,M12,10,180,Поступление,70
136,6/1/2021,M12,10,90,Продажа,70
137,6/1/2021,M12,13,180,Поступление,60
138,6/1/2021,M12,13,100,Продажа,60
139,6/1/2021,M12,18,170,Поступление,49
140,6/1/2021,M12,18,60,Продажа,49
141,6/1/2021,M12,24,180,Поступление,50
142,6/1/2021,M12,24,120,Продажа,50
143,6/1/2021,M12,25,180,Поступление,52
144,6/1/2021,M12,25,120,Продажа,52
145,6/1/2021,M12,26,170,Поступление,47
146,6/1/2021,M12,26,120,Продажа,47
147,6/1/2021,M12,27,180,Поступление,45
148,6/1/2021,M12,27,120,Продажа,45
149,6/1/2021,M12,28,180,Поступление,38
150,6/1/2021,M12,28,100,Продажа,38
151,6/1/2021,M12,29,180,Поступление,85
152,6/1/2021,M12,29,20,Продажа,85
153,6/1/2021,M12,30,180,Поступление,44
154,6/1/2021,M12,30,80,Продажа,44
155,6/1/2021,M12,33,170,Поступление,50
156,6/1/2021,M12,33,80,Продажа,50
157,6/1/2021,M12,34,180,Поступление,65
158,6/1/2021,M12,34,40,Продажа,65
159,6/1/2021,M12,44,180,Поступление,180
160,6/1/2021,M12,44,60,Продажа,180
161,6/1/2021,M12,45,170,Поступление,170
162,6/1/2021,M12,45,40,Продажа,170
163,6/1/2021,M12,46,180,Поступление,330
164,6/1/2021,M12,46,80,Продажа,330
165,6/1/2021,M12,47,180,Поступление,370
166,6/1/2021,M12,47,24,Продажа,370
167,6/1/2021,M12,48,180,Поступление,180
168,6/1/2021,M12,48,60,Продажа,180
169,6/1/2021,M13,4,180,Поступление,75
170,6/1/2021,M13,4,180,Продажа,75
171,6/1/2021,M13,5,170,Поступление,70
172,6/1/2021,M13,5,110,Продажа,70
173,6/1/2021,M13,6,180,Поступление,50
174,6/1/2021,M13,6,90,Продажа,50
175,6/1/2021,M13,9,180,Поступление,55
176,6/1/2021,M13,9,150,Продажа,55
177,6/1/2021,M13,10,170,Поступление,70
178,6/1/2021,M13,10,90,Продажа,70
179,6/1/2021,M13,13,180,Поступление,60
180,6/1/2021,M13,13,100,Продажа,60
181,6/1/2021,M13,18,180,Поступление,49
182,6/1/2021,M13,18,60,Продажа,49
183,6/1/2021,M13,24,180,Поступление,50
184,6/1/2021,M13,24,120,Продажа,50
185,6/1/2021,M13,25,180,Поступление,52
186,6/1/2021,M13,25,120,Продажа,52
187,6/1/2021,M13,26,170,Поступление,47
188,6/1/2021,M13,26,120,Продажа,47
189,6/1/2021,M13,27,180,Поступление,45
190,6/1/2021,M13,27,120,Продажа,45
191,6/1/2021,M13,28,180,Поступление,38
192,6/1/2021,M13,28,100,Продажа,38
193,6/1/2021,M13,29,170,Поступление,85
194,6/1/2021,M13,29,20,Продажа,85
195,6/1/2021,M13,30,180,Поступление,44
196,6/1/2021,M13,30,80,Продажа,44
197,6/1/2021,M13,33,180,Поступление,50
198,6/1/2021,M13,33,80,Продажа,50
199,6/1/2021,M13,34,180,Поступление,65
200,6/1/2021,M13,34,40,Продажа,65
201,6/1/2021,M13,44,180,Поступление,180
202,6/1/2021,M13,44,60,Продажа,180
203,6/1/2021,M13,45,170,Поступление,170
204,6/1/2021,M13,45,40,Продажа,170
205,6/1/2021,M13,46,180,Поступление,330
206,6/1/2021,M13,46,80,Продажа,330
207,6/1/2021,M13,47,180,Поступление,370
208,6/1/2021,M13,47,24,Продажа,370
209,6/1/2021,M13,48,170,Поступление,180
210,6/1/2021,M13,48,60,Продажа,180
211,6/1/2021,M14,4,180,Поступление,75
212,6/1/2021,M14,4,120,Продажа,75
213,6/1/2021,M14,5,180,Поступление,70
214,6/1/2021,M14,5,49,Продажа,70
215,6/1/2021,M14,6,180,Поступление,50
216,6/1/2021,M14,6,72,Продажа,50
217,6/1/2021,M14,9,180,Поступление,55
218,6/1/2021,M14,9,90,Продажа,55
219,6/1/2021,M14,10,170,Поступление,70
220,6/1/2021,M14,10,90,Продажа,70
221,6/1/2021,M14,13,180,Поступление,60
222,6/1/2021,M14,13,80,Продажа,60
223,6/1/2021,M14,18,180,Поступление,49
224,6/1/2021,M14,18,57,Продажа,49
225,6/1/2021,M14,24,170,Поступление,50
226,6/1/2021,M14,24,108,Продажа,50
227,6/1/2021,M14,25,180,Поступление,52
228,6/1/2021,M14,25,115,Продажа,52
229,6/1/2021,M14,26,180,Поступление,47
230,6/1/2021,M14,26,116,Продажа,47
231,6/1/2021,M14,27,180,Поступление,45
232,6/1/2021,M14,27,105,Продажа,45
233,6/1/2021,M14,28,180,Поступление,38
234,6/1/2021,M14,28,93,Продажа,38
235,6/1/2021,M14,29,170,Поступление,85
236,6/1/2021,M14,29,19,Продажа,85
237,6/1/2021,M14,30,180,Поступление,44
238,6/1/2021,M14,30,74,Продажа,44
239,6/1/2021,M14,33,180,Поступление,50
240,6/1/2021,M14,33,74,Продажа,50
241,6/1/2021,M14,34,170,Поступление,65
242,6/1/2021,M14,34,37,Продажа,65
243,6/1/2021,M14,44,180,Поступление,180
244,6/1/2021,M14,44,56,Продажа,180
245,6/1/2021,M14,45,180,Поступление,170
246,6/1/2021,M14,45,37,Продажа,170
247,6/1/2021,M14,46,180,Поступление,330
248,6/1/2021,M14,46,74,Продажа,330
249,6/1/2021,M14,47,180,Поступление,370
250,6/1/2021,M14,47,23,Продажа,370
251,6/1/2021,M14,48,170,Поступление,180
252,6/1/2021,M14,48,56,Продажа,180
253,6/1/2021,M15,4,180,Поступление,75
254,6/1/2021,M15,4,180,Продажа,75
255,6/1/2021,M15,5,180,Поступление,70
256,6/1/2021,M15,5,180,Продажа,70
257,6/1/2021,M15,6,170,Поступление,50
258,6/1/2021,M15,6,180,Продажа,50
259,6/1/2021,M15,9,180,Поступление,55
260,6/1/2021,M15,9,145,Продажа,55
261,6/1/2021,M15,10,180,Поступление,70
262,6/1/2021,M15,10,150,Продажа,70
263,6/1/2021,M15,13,180,Поступление,60
264,6/1/2021,M15,13,120,Продажа,60
265,6/1/2021,M15,18,180,Поступление,49
266,6/1/2021,M15,18,80,Продажа,49
267,6/1/2021,M15,24,170,Поступление,50
268,6/1/2021,M15,24,159,Продажа,50
269,6/1/2021,M15,25,180,Поступление,52
270,6/1/2021,M15,25,159,Продажа,52
271,6/1/2021,M15,26,180,Поступление,47
272,6/1/2021,M15,26,159,Продажа,47
273,6/1/2021,M15,27,170,Поступление,45
274,6/1/2021,M15,27,159,Продажа,45
275,6/1/2021,M15,28,180,Поступление,38
276,6/1/2021,M15,28,133,Продажа,38
277,6/1/2021,M15,29,180,Поступление,85
278,6/1/2021,M15,29,27,Продажа,85
279,6/1/2021,M15,30,180,Поступление,44
280,6/1/2021,M15,30,106,Продажа,44
281,6/1/2021,M15,33,180,Поступление,50
282,6/1/2021,M15,33,106,Продажа,50
283,6/1/2021,M15,34,170,Поступление,65
284,6/1/2021,M15,34,53,Продажа,65
285,6/1/2021,M15,44,180,Поступление,180
286,6/1/2021,M15,44,80,Продажа,180
287,6/1/2021,M15,45,180,Поступление,170
288,6/1/2021,M15,45,53,Продажа,170
289,6/1/2021,M15,46,170,Поступление,330
290,6/1/2021,M15,46,106,Продажа,330
291,6/1/2021,M15,47,180,Поступление,370
292,6/1/2021,M15,47,32,Продажа,370
293,6/1/2021,M15,48,180,Поступление,180
294,6/1/2021,M15,48,80,Продажа,180
295,6/1/2021,M16,4,180,Поступление,75
296,6/1/2021,M16,4,180,Продажа,75
297,6/1/2021,M16,5,180,Поступление,70
298,6/1/2021,M16,5,120,Продажа,70
299,6/1/2021,M16,6,170,Поступление,50
300,6/1/2021,M16,6,80,Продажа,50
301,6/1/2021,M16,9,180,Поступление,55
302,6/1/2021,M16,9,150,Продажа,55
303,6/1/2021,M16,10,180,Поступление,70
304,6/1/2021,M16,10,90,Продажа,70
305,6/1/2021,M16,13,170,Поступление,60
306,6/1/2021,M16,13,100,Продажа,60
307,6/1/2021,M16,18,180,Поступление,49
308,6/1/2021,M16,18,60,Продажа,49
309,6/1/2021,M16,24,180,Поступление,50
310,6/1/2021,M16,24,120,Продажа,50
311,6/1/2021,M16,25,180,Поступление,52
312,6/1/2021,M16,25,120,Продажа,52
313,6/1/2021,M16,26,180,Поступление,47
314,6/1/2021,M16,26,120,Продажа,47
315,6/1/2021,M16,27,170,Поступление,45
316,6/1/2021,M16,27,120,Продажа,45
317,6/1/2021,M16,28,180,Поступление,38
318,6/1/2021,M16,28,100,Продажа,38
319,6/1/2021,M16,29,180,Поступление,85
320,6/1/2021,M16,29,20,Продажа,85
321,6/1/2021,M16,30,170,Поступление,44
322,6/1/2021,M16,30,80,Продажа,44
323,6/1/2021,M16,33,180,Поступление,50
324,6/1/2021,M16,33,80,Продажа,50
325,6/1/2021,M16,34,180,Поступление,65
326,6/1/2021,M16,34,40,Продажа,65
327,6/1/2021,M16,44,180,Поступление,180
328,6/1/2021,M16,44,60,Продажа,180
329,6/1/2021,M16,45,180,Поступление,170
330,6/1/2021,M16,45,40,Продажа,170
331,6/1/2021,M16,46,170,Поступление,330
332,6/1/2021,M16,46,80,Продажа,330
333,6/1/2021,M16,47,180,Поступление,370
334,6/1/2021,M16,47,24,Продажа,370
335,6/1/2021,M16,48,180,Поступление,180
336,6/1/2021,M16,48,60,Продажа,180
337,6/1/2021,M2,4,170,Поступление,75
338,6/1/2021,M2,4,180,Продажа,75
339,6/1/2021,M2,5,180,Поступление,70
340,6/1/2021,M2,5,120,Продажа,70
341,6/1/2021,M2,6,180,Поступление,50
342,6/1/2021,M2,6,90,Продажа,50
343,6/1/2021,M2,9,180,Поступление,55
344,6/1/2021,M2,9,140,Продажа,55
345,6/1/2021,M2,10,180,Поступление,70
346,6/1/2021,M2,10,90,Продажа,70
347,6/1/2021,M2,13,170,Поступление,60
348,6/1/2021,M2,13,100,Продажа,60
349,6/1/2021,M2,18,180,Поступление,49
350,6/1/2021,M2,18,60,Продажа,49
351,6/1/2021,M2,24,180,Поступление,50
352,6/1/2021,M2,24,120,Продажа,50
353,6/1/2021,M2,25,170,Поступление,52
354,6/1/2021,M2,25,120,Продажа,52
355,6/1/2021,M2,26,180,Поступление,47
356,6/1/2021,M2,26,120,Продажа,47
357,6/1/2021,M2,27,180,Поступление,45
358,6/1/2021,M2,27,120,Продажа,45
359,6/1/2021,M2,28,180,Поступление,38
360,6/1/2021,M2,28,100,Продажа,38
361,6/1/2021,M2,29,180,Поступление,85
362,6/1/2021,M2,29,20,Продажа,85
363,6/1/2021,M2,30,170,Поступление,44
364,6/1/2021,M2,30,80,Продажа,44
365,6/1/2021,M2,33,180,Поступление,50
366,6/1/2021,M2,33,80,Продажа,50
367,6/1/2021,M2,34,180,Поступление,65
368,6/1/2021,M2,34,40,Продажа,65
369,6/1/2021,M2,44,170,Поступление,180
370,6/1/2021,M2,44,60,Продажа,180
371,6/1/2021,M2,45,180,Поступление,170
372,6/1/2021,M2,45,40,Продажа,170
373,6/1/2021,M2,46,180,Поступление,330
374,6/1/2021,M2,46,80,Продажа,330
375,6/1/2021,M2,47,180,Поступление,370
376,6/1/2021,M2,47,24,Продажа,370
377,6/1/2021,M2,48,180,Поступление,180
378,6/1/2021,M2,48,60,Продажа,180
379,6/1/2021,M3,4,170,Поступление,75
380,6/1/2021,M3,4,120,Продажа,75
381,6/1/2021,M3,5,180,Поступление,70
382,6/1/2021,M3,5,60,Продажа,70
383,6/1/2021,M3,6,180,Поступление,50
384,6/1/2021,M3,6,70,Продажа,50
385,6/1/2021,M3,9,170,Поступление,55
386,6/1/2021,M3,9,90,Продажа,55
387,6/1/2021,M3,10,180,Поступление,70
388,6/1/2021,M3,10,90,Продажа,70
389,6/1/2021,M3,13,180,Поступление,60
390,6/1/2021,M3,13,80,Продажа,60
391,6/1/2021,M3,18,180,Поступление,49
392,6/1/2021,M3,18,59,Продажа,49
393,6/1/2021,M3,24,180,Поступление,50
394,6/1/2021,M3,24,111,Продажа,50
395,6/1/2021,M3,25,170,Поступление,52
396,6/1/2021,M3,25,119,Продажа,52
397,6/1/2021,M3,26,180,Поступление,47
398,6/1/2021,M3,26,105,Продажа,47
399,6/1/2021,M3,27,180,Поступление,45
400,6/1/2021,M3,27,114,Продажа,45
401,6/1/2021,M3,28,170,Поступление,38
402,6/1/2021,M3,28,93,Продажа,38
403,6/1/2021,M3,29,180,Поступление,85
404,6/1/2021,M3,29,19,Продажа,85
405,6/1/2021,M3,30,180,Поступление,44
406,6/1/2021,M3,30,74,Продажа,44
407,6/1/2021,M3,33,180,Поступление,50
408,6/1/2021,M3,33,74,Продажа,50
409,6/1/2021,M3,34,180,Поступление,65
410,6/1/2021,M3,34,37,Продажа,65
411,6/1/2021,M3,44,170,Поступление,180
412,6/1/2021,M3,44,56,Продажа,180
413,6/1/2021,M3,45,180,Поступление,170
414,6/1/2021,M3,45,37,Продажа,170
415,6/1/2021,M3,46,180,Поступление,330
416,6/1/2021,M3,46,74,Продажа,330
417,6/1/2021,M3,47,170,Поступление,370
418,6/1/2021,M3,47,23,Продажа,370
419,6/1/2021,M3,48,180,Поступление,180
420,6/1/2021,M3,48,61,Продажа,180
421,6/1/2021,M4,4,180,Поступление,75
422,6/1/2021,M4,4,180,Продажа,75
423,6/1/2021,M4,5,180,Поступление,70
424,6/1/2021,M4,5,120,Продажа,70
425,6/1/2021,M4,6,180,Поступление,50
426,6/1/2021,M4,6,90,Продажа,50
427,6/1/2021,M4,9,170,Поступление,55
428,6/1/2021,M4,9,150,Продажа,55
429,6/1/2021,M4,10,180,Поступление,70
430,6/1/2021,M4,10,80,Продажа,70
431,6/1/2021,M4,13,180,Поступление,60
432,6/1/2021,M4,13,100,Продажа,60
433,6/1/2021,M4,18,170,Поступление,49
434,6/1/2021,M4,18,60,Продажа,49
435,6/1/2021,M4,24,180,Поступление,50
436,6/1/2021,M4,24,120,Продажа,50
437,6/1/2021,M4,25,180,Поступление,52
438,6/1/2021,M4,25,120,Продажа,52
439,6/1/2021,M4,26,180,Поступление,47
440,6/1/2021,M4,26,120,Продажа,47
441,6/1/2021,M4,27,180,Поступление,45
442,6/1/2021,M4,27,120,Продажа,45
443,6/1/2021,M4,28,170,Поступление,38
444,6/1/2021,M4,28,100,Продажа,38
445,6/1/2021,M4,29,180,Поступление,85
446,6/1/2021,M4,29,20,Продажа,85
447,6/1/2021,M4,30,180,Поступление,44
448,6/1/2021,M4,30,80,Продажа,44
449,6/1/2021,M4,33,170,Поступление,50
450,6/1/2021,M4,33,80,Продажа,50
451,6/1/2021,M4,34,180,Поступление,65
452,6/1/2021,M4,34,40,Продажа,65
453,6/1/2021,M4,44,180,Поступление,180
454,6/1/2021,M4,44,60,Продажа,180
455,6/1/2021,M4,45,180,Поступление,170
456,6/1/2021,M4,45,40,Продажа,170
457,6/1/2021,M4,46,180,Поступление,330
458,6/1/2021,M4,46,80,Продажа,330
459,6/1/2021,M4,47,170,Поступление,370
460,6/1/2021,M4,47,24,Продажа,370
461,6/1/2021,M4,48,180,Поступление,180
462,6/1/2021,M4,48,60,Продажа,180
463,6/1/2021,M5,4,180,Поступление,75
464,6/1/2021,M5,4,180,Продажа,75
465,6/1/2021,M5,5,170,Поступление,70
466,6/1/2021,M5,5,180,Продажа,70
467,6/1/2021,M5,6,180,Поступление,50
468,6/1/2021,M5,6,180,Продажа,50
469,6/1/2021,M5,9,180,Поступление,55
470,6/1/2021,M5,9,150,Продажа,55
471,6/1/2021,M5,10,180,Поступление,70
472,6/1/2021,M5,10,138,Продажа,70
473,6/1/2021,M5,13,180,Поступление,60
474,6/1/2021,M5,13,120,Продажа,60
475,6/1/2021,M5,18,170,Поступление,49
476,6/1/2021,M5,18,80,Продажа,49
477,6/1/2021,M5,24,180,Поступление,50
478,6/1/2021,M5,24,159,Продажа,50
479,6/1/2021,M5,25,180,Поступление,52
480,6/1/2021,M5,25,159,Продажа,52
481,6/1/2021,M5,26,170,Поступление,47
482,6/1/2021,M5,26,159,Продажа,47
483,6/1/2021,M5,27,180,Поступление,45
484,6/1/2021,M5,27,159,Продажа,45
485,6/1/2021,M5,28,180,Поступление,38
486,6/1/2021,M5,28,133,Продажа,38
487,6/1/2021,M5,29,180,Поступление,85
488,6/1/2021,M5,29,27,Продажа,85
489,6/1/2021,M5,30,180,Поступление,44
490,6/1/2021,M5,30,106,Продажа,44
491,6/1/2021,M5,33,170,Поступление,50
492,6/1/2021,M5,33,106,Продажа,50
493,6/1/2021,M5,34,180,Поступление,65
494,6/1/2021,M5,34,53,Продажа,65
495,6/1/2021,M5,44,180,Поступление,180
496,6/1/2021,M5,44,80,Продажа,180
497,6/1/2021,M5,45,170,Поступление,170
498,6/1/2021,M5,45,53,Продажа,170
499,6/1/2021,M5,46,180,Поступление,330
500,6/1/2021,M5,46,106,Продажа,330
501,6/1/2021,M5,47,180,Поступление,370
502,6/1/2021,M5,47,32,Продажа,370
503,6/1/2021,M5,48,180,Поступление,180
504,6/1/2021,M5,48,80,Продажа,180
505,6/1/2021,M6,4,180,Поступление,75
506,6/1/2021,M6,4,180,Продажа,75
507,6/1/2021,M6,5,170,Поступление,70
508,6/1/2021,M6,5,180,Продажа,70
509,6/1/2021,M6,6,180,Поступление,50
510,6/1/2021,M6,6,180,Продажа,50
511,6/1/2021,M6,9,180,Поступление,55
512,6/1/2021,M6,9,150,Продажа,55
513,6/1/2021,M6,10,170,Поступление,70
514,6/1/2021,M6,10,150,Продажа,70
515,6/1/2021,M6,13,180,Поступление,60
516,6/1/2021,M6,13,115,Продажа,60
517,6/1/2021,M6,18,180,Поступление,49
518,6/1/2021,M6,18,80,Продажа,49
519,6/1/2021,M6,24,180,Поступление,50
520,6/1/2021,M6,24,159,Продажа,50
521,6/1/2021,M6,25,180,Поступление,52
522,6/1/2021,M6,25,159,Продажа,52
523,6/1/2021,M6,26,170,Поступление,47
524,6/1/2021,M6,26,159,Продажа,47
525,6/1/2021,M6,27,180,Поступление,45
526,6/1/2021,M6,27,159,Продажа,45
527,6/1/2021,M6,28,180,Поступление,38
528,6/1/2021,M6,28,133,Продажа,38
529,6/1/2021,M6,29,170,Поступление,85
530,6/1/2021,M6,29,27,Продажа,85
531,6/1/2021,M6,30,180,Поступление,44
532,6/1/2021,M6,30,106,Продажа,44
533,6/1/2021,M6,33,180,Поступление,50
534,6/1/2021,M6,33,106,Продажа,50
535,6/1/2021,M6,34,180,Поступление,65
536,6/1/2021,M6,34,53,Продажа,65
537,6/1/2021,M6,44,180,Поступление,180
538,6/1/2021,M6,44,80,Продажа,180
539,6/1/2021,M6,45,170,Поступление,170
540,6/1/2021,M6,45,53,Продажа,170
541,6/1/2021,M6,46,180,Поступление,330
542,6/1/2021,M6,46,106,Продажа,330
543,6/1/2021,M6,47,180,Поступление,370
544,6/1/2021,M6,47,32,Продажа,370
545,6/1/2021,M6,48,170,Поступление,180
546,6/1/2021,M6,48,80,Продажа,180
547,6/1/2021,M7,4,180,Поступление,75
548,6/1/2021,M7,4,180,Продажа,75
549,6/1/2021,M7,5,180,Поступление,70
550,6/1/2021,M7,5,120,Продажа,70
551,6/1/2021,M7,6,180,Поступление,50
552,6/1/2021,M7,6,90,Продажа,50
553,6/1/2021,M7,9,180,Поступление,55
554,6/1/2021,M7,9,150,Продажа,55
555,6/1/2021,M7,10,170,Поступление,70
556,6/1/2021,M7,10,90,Продажа,70
557,6/1/2021,M7,13,180,Поступление,60
558,6/1/2021,M7,13,90,Продажа,60
559,6/1/2021,M7,18,180,Поступление,49
560,6/1/2021,M7,18,60,Продажа,49
561,6/1/2021,M7,24,170,Поступление,50
562,6/1/2021,M7,24,120,Продажа,50
563,6/1/2021,M7,25,180,Поступление,52
564,6/1/2021,M7,25,120,Продажа,52
565,6/1/2021,M7,26,180,Поступление,47
566,6/1/2021,M7,26,120,Продажа,47
567,6/1/2021,M7,27,180,Поступление,45
568,6/1/2021,M7,27,120,Продажа,45
569,6/1/2021,M7,28,180,Поступление,38
570,6/1/2021,M7,28,100,Продажа,38
571,6/1/2021,M7,29,170,Поступление,85
572,6/1/2021,M7,29,20,Продажа,85
573,6/1/2021,M7,30,180,Поступление,44
574,6/1/2021,M7,30,80,Продажа,44
575,6/1/2021,M7,33,180,Поступление,50
576,6/1/2021,M7,33,80,Продажа,50
577,6/1/2021,M7,34,170,Поступление,65
578,6/1/2021,M7,34,40,Продажа,65
579,6/1/2021,M7,44,180,Поступление,180
580,6/1/2021,M7,44,60,Продажа,180
581,6/1/2021,M7,45,180,Поступление,170
582,6/1/2021,M7,45,40,Продажа,170
583,6/1/2021,M7,46,180,Поступление,330
584,6/1/2021,M7,46,80,Продажа,330
585,6/1/2021,M7,47,180,Поступление,370
586,6/1/2021,M7,47,24,Продажа,370
587,6/1/2021,M7,48,170,Поступление,180
588,6/1/2021,M7,48,60,Продажа,180
589,6/1/2021,M8,4,180,Поступление,75
590,6/1/2021,M8,4,170,Продажа,75
591,6/1/2021,M8,5,180,Поступление,70
592,6/1/2021,M8,5,120,Продажа,70
593,6/1/2021,M8,6,170,Поступление,50
594,6/1/2021,M8,6,90,Продажа,50
595,6/1/2021,M8,9,180,Поступление,55
596,6/1/2021,M8,9,150,Продажа,55
597,6/1/2021,M8,10,180,Поступление,70
598,6/1/2021,M8,10,90,Продажа,70
599,6/1/2021,M8,13,180,Поступление,60
600,6/1/2021,M8,13,100,Продажа,60
601,6/1/2021,M8,18,180,Поступление,49
602,6/1/2021,M8,18,60,Продажа,49
603,6/1/2021,M8,24,170,Поступление,50
604,6/1/2021,M8,24,120,Продажа,50
605,6/1/2021,M8,25,180,Поступление,52
606,6/1/2021,M8,25,120,Продажа,52
607,6/1/2021,M8,26,180,Поступление,47
608,6/1/2021,M8,26,120,Продажа,47
609,6/1/2021,M8,27,170,Поступление,45
610,6/1/2021,M8,27,120,Продажа,45
611,6/1/2021,M8,28,180,Поступление,38
612,6/1/2021,M8,28,100,Продажа,38
613,6/1/2021,M8,29,180,Поступление,85
614,6/1/2021,M8,29,20,Продажа,85
615,6/1/2021,M8,30,180,Поступление,44
616,6/1/2021,M8,30,80,Продажа,44
617,6/1/2021,M8,33,180,Поступление,50
618,6/1/2021,M8,33,80,Продажа,50
619,6/1/2021,M8,34,170,Поступление,65
620,6/1/2021,M8,34,40,Продажа,65
621,6/1/2021,M8,44,180,Поступление,180
622,6/1/2021,M8,44,60,Продажа,180
623,6/1/2021,M8,45,180,Поступление,170
624,6/1/2021,M8,45,40,Продажа,170
625,6/1/2021,M8,46,170,Поступление,330
626,6/1/2021,M8,46,80,Продажа,330
627,6/1/2021,M8,47,180,Поступление,370
628,6/1/2021,M8,47,24,Продажа,370
629,6/1/2021,M8,48,180,Поступление,180
630,6/1/2021,M8,48,60,Продажа,180
631,6/1/2021,M9,4,180,Поступление,75
632,6/1/2021,M9,4,120,Продажа,75
633,6/1/2021,M9,5,180,Поступление,70
634,6/1/2021,M9,5,60,Продажа,70
635,6/1/2021,M9,6,170,Поступление,50
636,6/1/2021,M9,6,72,Продажа,50
637,6/1/2021,M9,9,180,Поступление,55
638,6/1/2021,M9,9,87,Продажа,55
639,6/1/2021,M9,10,180,Поступление,70
640,6/1/2021,M9,10,90,Продажа,70
641,6/1/2021,M9,13,170,Поступление,60
642,6/1/2021,M9,13,80,Продажа,60
643,6/1/2021,M9,18,180,Поступление,49
644,6/1/2021,M9,18,56,Продажа,49
645,6/1/2021,M9,24,180,Поступление,50
646,6/1/2021,M9,24,103,Продажа,50
647,6/1/2021,M9,25,180,Поступление,52
648,6/1/2021,M9,25,111,Продажа,52
649,6/1/2021,M9,26,180,Поступление,47
650,6/1/2021,M9,26,124,Продажа,47
651,6/1/2021,M9,27,170,Поступление,45
652,6/1/2021,M9,27,103,Продажа,45
653,6/1/2021,M9,28,180,Поступление,38
654,6/1/2021,M9,28,93,Продажа,38
655,6/1/2021,M9,29,180,Поступление,85
656,6/1/2021,M9,29,19,Продажа,85
657,6/1/2021,M9,30,170,Поступление,44
658,6/1/2021,M9,30,74,Продажа,44
659,6/1/2021,M9,33,180,Поступление,50
660,6/1/2021,M9,33,74,Продажа,50
661,6/1/2021,M9,34,180,Поступление,65
662,6/1/2021,M9,34,37,Продажа,65
663,6/1/2021,M9,44,180,Поступление,180
664,6/1/2021,M9,44,56,Продажа,180
665,6/1/2021,M9,45,180,Поступление,170
666,6/1/2021,M9,45,37,Продажа,170
667,6/1/2021,M9,46,170,Поступление,330
668,6/1/2021,M9,46,74,Продажа,330
669,6/1/2021,M9,47,180,Поступление,370
670,6/1/2021,M9,47,23,Продажа,370
671,6/1/2021,M9,48,180,Поступление,180
672,6/1/2021,M9,48,56,Продажа,180
673,6/2/2021,M1,1,170,Поступление,57
674,6/2/2021,M1,1,192,Продажа,57
675,6/2/2021,M1,3,180,Поступление,35
676,6/2/2021,M1,3,192,Продажа,35
677,6/2/2021,M1,7,180,Поступление,38
678,6/2/2021,M1,7,80,Продажа,38
679,6/2/2021,M1,8,180,Поступление,220
680,6/2/2021,M1,8,48,Продажа,220
681,6/2/2021,M1,14,180,Поступление,30
682,6/2/2021,M1,14,240,Продажа,30
683,6/2/2021,M1,16,170,Поступление,90
684,6/2/2021,M1,16,240,Продажа,90
685,6/2/2021,M10,1,180,Поступление,57
686,6/2/2021,M10,1,192,Продажа,57
687,6/2/2021,M10,3,180,Поступление,35
688,6/2/2021,M10,3,192,Продажа,35
689,6/2/2021,M10,7,170,Поступление,38
690,6/2/2021,M10,7,80,Продажа,38
691,6/2/2021,M10,8,180,Поступление,220
692,6/2/2021,M10,8,48,Продажа,220
693,6/2/2021,M10,14,180,Поступление,30
694,6/2/2021,M10,14,250,Продажа,30
695,6/2/2021,M10,16,180,Поступление,90
696,6/2/2021,M10,16,240,Продажа,90
697,6/2/2021,M11,1,180,Поступление,57
698,6/2/2021,M11,1,96,Продажа,57
699,6/2/2021,M11,3,170,Поступление,35
700,6/2/2021,M11,3,128,Продажа,35
701,6/2/2021,M11,7,180,Поступление,38
702,6/2/2021,M11,7,48,Продажа,38
703,6/2/2021,M11,8,180,Поступление,220
704,6/2/2021,M11,8,29,Продажа,220
705,6/2/2021,M11,14,170,Поступление,30
706,6/2/2021,M11,14,120,Продажа,30
707,6/2/2021,M11,16,180,Поступление,90
708,6/2/2021,M11,16,160,Продажа,90
709,6/2/2021,M12,1,180,Поступление,57
710,6/2/2021,M12,1,144,Продажа,57
711,6/2/2021,M12,3,180,Поступление,35
712,6/2/2021,M12,3,160,Продажа,35
713,6/2/2021,M12,7,180,Поступление,38
714,6/2/2021,M12,7,80,Продажа,38
715,6/2/2021,M12,8,170,Поступление,220
716,6/2/2021,M12,8,39,Продажа,220
717,6/2/2021,M12,14,180,Поступление,30
718,6/2/2021,M12,14,200,Продажа,30
719,6/2/2021,M12,16,180,Поступление,90
720,6/2/2021,M12,16,160,Продажа,90
721,6/2/2021,M13,1,170,Поступление,57
722,6/2/2021,M13,1,144,Продажа,57
723,6/2/2021,M13,3,180,Поступление,35
724,6/2/2021,M13,3,160,Продажа,35
725,6/2/2021,M13,7,180,Поступление,38
726,6/2/2021,M13,7,80,Продажа,38
727,6/2/2021,M13,8,180,Поступление,220
728,6/2/2021,M13,8,39,Продажа,220
729,6/2/2021,M13,14,180,Поступление,30
730,6/2/2021,M13,14,200,Продажа,30
731,6/2/2021,M13,16,170,Поступление,90
732,6/2/2021,M13,16,160,Продажа,90
733,6/2/2021,M14,1,180,Поступление,57
734,6/2/2021,M14,1,96,Продажа,57
735,6/2/2021,M14,3,180,Поступление,35
736,6/2/2021,M14,3,128,Продажа,35
737,6/2/2021,M14,7,170,Поступление,38
738,6/2/2021,M14,7,48,Продажа,38
739,6/2/2021,M14,8,180,Поступление,220
740,6/2/2021,M14,8,29,Продажа,220
741,6/2/2021,M14,14,180,Поступление,30
742,6/2/2021,M14,14,120,Продажа,30
743,6/2/2021,M14,16,180,Поступление,90
744,6/2/2021,M14,16,160,Продажа,90
745,6/2/2021,M15,1,180,Поступление,57
746,6/2/2021,M15,1,192,Продажа,57
747,6/2/2021,M15,3,170,Поступление,35
748,6/2/2021,M15,3,192,Продажа,35
749,6/2/2021,M15,7,180,Поступление,38
750,6/2/2021,M15,7,80,Продажа,38
751,6/2/2021,M15,8,180,Поступление,220
752,6/2/2021,M15,8,48,Продажа,220
753,6/2/2021,M15,14,170,Поступление,30
754,6/2/2021,M15,14,240,Продажа,30
755,6/2/2021,M15,16,180,Поступление,90
756,6/2/2021,M15,16,230,Продажа,90
757,6/2/2021,M16,1,180,Поступление,57
758,6/2/2021,M16,1,144,Продажа,57
759,6/2/2021,M16,3,180,Поступление,35
760,6/2/2021,M16,3,160,Продажа,35
761,6/2/2021,M16,7,180,Поступление,38
762,6/2/2021,M16,7,80,Продажа,38
763,6/2/2021,M16,8,170,Поступление,220
764,6/2/2021,M16,8,39,Продажа,220
765,6/2/2021,M16,14,180,Поступление,30
766,6/2/2021,M16,14,200,Продажа,30
767,6/2/2021,M16,16,180,Поступление,90
768,6/2/2021,M16,16,160,Продажа,90
769,6/2/2021,M2,1,170,Поступление,57
770,6/2/2021,M2,1,144,Продажа,57
771,6/2/2021,M2,3,180,Поступление,35
772,6/2/2021,M2,3,160,Продажа,35
773,6/2/2021,M2,7,180,Поступление,38
774,6/2/2021,M2,7,80,Продажа,38
775,6/2/2021,M2,8,180,Поступление,220
776,6/2/2021,M2,8,39,Продажа,220
777,6/2/2021,M2,14,180,Поступление,30
778,6/2/2021,M2,14,200,Продажа,30
779,6/2/2021,M2,16,170,Поступление,90
780,6/2/2021,M2,16,160,Продажа,90
781,6/2/2021,M3,1,180,Поступление,57
782,6/2/2021,M3,1,96,Продажа,57
783,6/2/2021,M3,3,180,Поступление,35
784,6/2/2021,M3,3,128,Продажа,35
785,6/2/2021,M3,7,170,Поступление,38
786,6/2/2021,M3,7,48,Продажа,38
787,6/2/2021,M3,8,180,Поступление,220
788,6/2/2021,M3,8,29,Продажа,220
789,6/2/2021,M3,14,180,Поступление,30
790,6/2/2021,M3,14,120,Продажа,30
791,6/2/2021,M3,16,180,Поступление,90
792,6/2/2021,M3,16,160,Продажа,90
793,6/2/2021,M4,1,180,Поступление,57
794,6/2/2021,M4,1,144,Продажа,57
795,6/2/2021,M4,3,170,Поступление,35
796,6/2/2021,M4,3,160,Продажа,35
797,6/2/2021,M4,7,180,Поступление,38
798,6/2/2021,M4,7,80,Продажа,38
799,6/2/2021,M4,8,180,Поступление,220
800,6/2/2021,M4,8,39,Продажа,220
801,6/2/2021,M4,14,170,Поступление,30
802,6/2/2021,M4,14,200,Продажа,30
803,6/2/2021,M4,16,180,Поступление,90
804,6/2/2021,M4,16,160,Продажа,90
805,6/2/2021,M5,1,180,Поступление,57
806,6/2/2021,M5,1,192,Продажа,57
807,6/2/2021,M5,3,180,Поступление,35
808,6/2/2021,M5,3,192,Продажа,35
809,6/2/2021,M5,7,180,Поступление,38
810,6/2/2021,M5,7,80,Продажа,38
811,6/2/2021,M5,8,170,Поступление,220
812,6/2/2021,M5,8,48,Продажа,220
813,6/2/2021,M5,14,180,Поступление,30
814,6/2/2021,M5,14,242,Продажа,30
815,6/2/2021,M5,16,180,Поступление,90
816,6/2/2021,M5,16,240,Продажа,90
817,6/2/2021,M6,1,170,Поступление,57
818,6/2/2021,M6,1,192,Продажа,57
819,6/2/2021,M6,3,180,Поступление,35
820,6/2/2021,M6,3,192,Продажа,35
821,6/2/2021,M6,7,180,Поступление,38
822,6/2/2021,M6,7,80,Продажа,38
823,6/2/2021,M6,8,180,Поступление,220
824,6/2/2021,M6,8,48,Продажа,220
825,6/2/2021,M6,14,180,Поступление,30
826,6/2/2021,M6,14,240,Продажа,30
827,6/2/2021,M6,16,170,Поступление,90
828,6/2/2021,M6,16,238,Продажа,90
829,6/2/2021,M7,1,180,Поступление,57
830,6/2/2021,M7,1,144,Продажа,57
831,6/2/2021,M7,3,180,Поступление,35
832,6/2/2021,M7,3,160,Продажа,35
833,6/2/2021,M7,7,170,Поступление,38
834,6/2/2021,M7,7,80,Продажа,38
835,6/2/2021,M7,8,180,Поступление,220
836,6/2/2021,M7,8,39,Продажа,220
837,6/2/2021,M7,14,180,Поступление,30
838,6/2/2021,M7,14,200,Продажа,30
839,6/2/2021,M7,16,180,Поступление,90
840,6/2/2021,M7,16,160,Продажа,90
841,6/2/2021,M8,1,180,Поступление,57
842,6/2/2021,M8,1,144,Продажа,57
843,6/2/2021,M8,3,170,Поступление,35
844,6/2/2021,M8,3,160,Продажа,35
845,6/2/2021,M8,7,180,Поступление,38
846,6/2/2021,M8,7,80,Продажа,38
847,6/2/2021,M8,8,180,Поступление,220
848,6/2/2021,M8,8,39,Продажа,220
849,6/2/2021,M8,14,170,Поступление,30
850,6/2/2021,M8,14,200,Продажа,30
851,6/2/2021,M8,16,180,Поступление,90
852,6/2/2021,M8,16,160,Продажа,90
853,6/2/2021,M9,1,180,Поступление,57
854,6/2/2021,M9,1,96,Продажа,57
855,6/2/2021,M9,3,180,Поступление,35
856,6/2/2021,M9,3,128,Продажа,35
857,6/2/2021,M9,7,180,Поступление,38
858,6/2/2021,M9,7,48,Продажа,38
859,6/2/2021,M9,8,170,Поступление,220
860,6/2/2021,M9,8,29,Продажа,220
861,6/2/2021,M9,14,180,Поступление,30
862,6/2/2021,M9,14,120,Продажа,30
863,6/2/2021,M9,16,180,Поступление,90
864,6/2/2021,M9,16,160,Продажа,90
865,6/3/2021,M1,17,170,Поступление,95
866,6/3/2021,M1,17,85,Продажа,95
867,6/3/2021,M1,19,180,Поступление,90
868,6/3/2021,M1,19,50,Продажа,90
869,6/3/2021,M1,20,180,Поступление,80
870,6/3/2021,M1,20,35,Продажа,80
871,6/3/2021,M1,21,180,Поступление,105
872,6/3/2021,M1,21,95,Продажа,105
873,6/3/2021,M1,22,180,Поступление,115
874,6/3/2021,M1,22,98,Продажа,115
875,6/3/2021,M1,23,170,Поступление,120
876,6/3/2021,M1,23,47,Продажа,120
877,6/3/2021,M1,35,180,Поступление,55
878,6/3/2021,M1,35,34,Продажа,55
879,6/3/2021,M1,37,180,Поступление,50
880,6/3/2021,M1,37,85,Продажа,50
881,6/3/2021,M1,38,170,Поступление,70
882,6/3/2021,M1,38,100,Продажа,70
883,6/3/2021,M1,39,180,Поступление,95
884,6/3/2021,M1,39,144,Продажа,95
885,6/3/2021,M1,40,180,Поступление,15
886,6/3/2021,M1,40,23,Продажа,15
887,6/3/2021,M1,41,180,Поступление,35
888,6/3/2021,M1,41,44,Продажа,35
889,6/3/2021,M1,42,180,Поступление,90
890,6/3/2021,M1,42,35,Продажа,90
891,6/3/2021,M1,43,170,Поступление,40
892,6/3/2021,M1,43,24,Продажа,40
893,6/3/2021,M10,17,180,Поступление,95
894,6/3/2021,M10,17,91,Продажа,95
895,6/3/2021,M10,19,180,Поступление,90
896,6/3/2021,M10,19,51,Продажа,90
897,6/3/2021,M10,20,170,Поступление,80
898,6/3/2021,M10,20,48,Продажа,80
899,6/3/2021,M10,21,180,Поступление,105
900,6/3/2021,M10,21,84,Продажа,105
901,6/3/2021,M10,22,180,Поступление,115
902,6/3/2021,M10,22,96,Продажа,115
903,6/3/2021,M10,23,180,Поступление,120
904,6/3/2021,M10,23,47,Продажа,120
905,6/3/2021,M10,35,180,Поступление,55
906,6/3/2021,M10,35,34,Продажа,55
907,6/3/2021,M10,37,170,Поступление,50
908,6/3/2021,M10,37,120,Продажа,50
909,6/3/2021,M10,38,180,Поступление,70
910,6/3/2021,M10,38,114,Продажа,70
911,6/3/2021,M10,39,180,Поступление,95
912,6/3/2021,M10,39,135,Продажа,95
913,6/3/2021,M10,40,170,Поступление,15
914,6/3/2021,M10,40,20,Продажа,15
915,6/3/2021,M10,41,180,Поступление,35
916,6/3/2021,M10,41,42,Продажа,35
917,6/3/2021,M10,42,180,Поступление,90
918,6/3/2021,M10,42,26,Продажа,90
919,6/3/2021,M10,43,180,Поступление,40
920,6/3/2021,M10,43,28,Продажа,40
921,6/3/2021,M11,17,180,Поступление,95
922,6/3/2021,M11,17,71,Продажа,95
923,6/3/2021,M11,19,170,Поступление,90
924,6/3/2021,M11,19,42,Продажа,90
925,6/3/2021,M11,20,180,Поступление,80
926,6/3/2021,M11,20,52,Продажа,80
927,6/3/2021,M11,21,180,Поступление,105
928,6/3/2021,M11,21,64,Продажа,105
929,6/3/2021,M11,22,170,Поступление,115
930,6/3/2021,M11,22,57,Продажа,115
931,6/3/2021,M11,23,180,Поступление,120
932,6/3/2021,M11,23,14,Продажа,120
933,6/3/2021,M11,35,180,Поступление,55
934,6/3/2021,M11,35,55,Продажа,55
935,6/3/2021,M11,37,180,Поступление,50
936,6/3/2021,M11,37,138,Продажа,50
937,6/3/2021,M11,38,180,Поступление,70
938,6/3/2021,M11,38,115,Продажа,70
939,6/3/2021,M11,39,170,Поступление,95
940,6/3/2021,M11,39,107,Продажа,95
941,6/3/2021,M11,40,180,Поступление,15
942,6/3/2021,M11,40,45,Продажа,15
943,6/3/2021,M11,41,180,Поступление,35
944,6/3/2021,M11,41,12,Продажа,35
945,6/3/2021,M11,42,170,Поступление,90
946,6/3/2021,M11,42,18,Продажа,90
947,6/3/2021,M11,43,180,Поступление,40
948,6/3/2021,M11,43,21,Продажа,40
949,6/3/2021,M12,17,180,Поступление,95
950,6/3/2021,M12,17,88,Продажа,95
951,6/3/2021,M12,19,180,Поступление,90
952,6/3/2021,M12,19,57,Продажа,90
953,6/3/2021,M12,20,180,Поступление,80
954,6/3/2021,M12,20,58,Продажа,80
955,6/3/2021,M12,21,170,Поступление,105
956,6/3/2021,M12,21,95,Продажа,105
957,6/3/2021,M12,22,180,Поступление,115
958,6/3/2021,M12,22,82,Продажа,115
959,6/3/2021,M12,23,180,Поступление,120
960,6/3/2021,M12,23,30,Продажа,120
961,6/3/2021,M12,35,170,Поступление,55
962,6/3/2021,M12,35,52,Продажа,55
963,6/3/2021,M12,37,180,Поступление,50
964,6/3/2021,M12,37,127,Продажа,50
965,6/3/2021,M12,38,180,Поступление,70
966,6/3/2021,M12,38,115,Продажа,70
967,6/3/2021,M12,39,180,Поступление,95
968,6/3/2021,M12,39,149,Продажа,95
969,6/3/2021,M12,40,180,Поступление,15
970,6/3/2021,M12,40,37,Продажа,15
971,6/3/2021,M12,41,170,Поступление,35
972,6/3/2021,M12,41,30,Продажа,35
973,6/3/2021,M12,42,180,Поступление,90
974,6/3/2021,M12,42,20,Продажа,90
975,6/3/2021,M12,43,180,Поступление,40
976,6/3/2021,M12,43,22,Продажа,40
977,6/3/2021,M13,17,170,Поступление,95
978,6/3/2021,M13,17,85,Продажа,95
979,6/3/2021,M13,19,180,Поступление,90
980,6/3/2021,M13,19,50,Продажа,90
981,6/3/2021,M13,20,180,Поступление,80
982,6/3/2021,M13,20,55,Продажа,80
983,6/3/2021,M13,21,180,Поступление,105
984,6/3/2021,M13,21,60,Продажа,105
985,6/3/2021,M13,22,180,Поступление,115
986,6/3/2021,M13,22,75,Продажа,115
987,6/3/2021,M13,23,170,Поступление,120
988,6/3/2021,M13,23,35,Продажа,120
989,6/3/2021,M13,35,180,Поступление,55
990,6/3/2021,M13,35,56,Продажа,55
991,6/3/2021,M13,37,180,Поступление,50
992,6/3/2021,M13,37,120,Продажа,50
993,6/3/2021,M13,38,170,Поступление,70
994,6/3/2021,M13,38,110,Продажа,70
995,6/3/2021,M13,39,180,Поступление,95
996,6/3/2021,M13,39,155,Продажа,95
997,6/3/2021,M13,40,180,Поступление,15
998,6/3/2021,M13,40,30,Продажа,15
999,6/3/2021,M13,41,180,Поступление,35
1000,6/3/2021,M13,41,20,Продажа,35
1001,6/3/2021,M13,42,180,Поступление,90
1002,6/3/2021,M13,42,21,Продажа,90
1003,6/3/2021,M13,43,170,Поступление,40
1004,6/3/2021,M13,43,18,Продажа,40
1005,6/3/2021,M14,17,180,Поступление,95
1006,6/3/2021,M14,17,82,Продажа,95
1007,6/3/2021,M14,19,180,Поступление,90
1008,6/3/2021,M14,19,54,Продажа,90
1009,6/3/2021,M14,20,170,Поступление,80
1010,6/3/2021,M14,20,57,Продажа,80
1011,6/3/2021,M14,21,180,Поступление,105
1012,6/3/2021,M14,21,67,Продажа,105
1013,6/3/2021,M14,22,180,Поступление,115
1014,6/3/2021,M14,22,51,Продажа,115
1015,6/3/2021,M14,23,180,Поступление,120
1016,6/3/2021,M14,23,12,Продажа,120
1017,6/3/2021,M14,35,180,Поступление,55
1018,6/3/2021,M14,35,58,Продажа,55
1019,6/3/2021,M14,37,170,Поступление,50
1020,6/3/2021,M14,37,135,Продажа,50
1021,6/3/2021,M14,38,180,Поступление,70
1022,6/3/2021,M14,38,104,Продажа,70
1023,6/3/2021,M14,39,180,Поступление,95
1024,6/3/2021,M14,39,160,Продажа,95
1025,6/3/2021,M14,40,170,Поступление,15
1026,6/3/2021,M14,40,48,Продажа,15
1027,6/3/2021,M14,41,180,Поступление,35
1028,6/3/2021,M14,41,19,Продажа,35
1029,6/3/2021,M14,42,180,Поступление,90
1030,6/3/2021,M14,42,20,Продажа,90
1031,6/3/2021,M14,43,180,Поступление,40
1032,6/3/2021,M14,43,10,Продажа,40
1033,6/3/2021,M15,17,180,Поступление,95
1034,6/3/2021,M15,17,94,Продажа,95
1035,6/3/2021,M15,19,170,Поступление,90
1036,6/3/2021,M15,19,58,Продажа,90
1037,6/3/2021,M15,20,180,Поступление,80
1038,6/3/2021,M15,20,55,Продажа,80
1039,6/3/2021,M15,21,180,Поступление,105
1040,6/3/2021,M15,21,89,Продажа,105
1041,6/3/2021,M15,22,170,Поступление,115
1042,6/3/2021,M15,22,93,Продажа,115
1043,6/3/2021,M15,23,180,Поступление,120
1044,6/3/2021,M15,23,45,Продажа,120
1045,6/3/2021,M15,35,180,Поступление,55
1046,6/3/2021,M15,35,51,Продажа,55
1047,6/3/2021,M15,37,180,Поступление,50
1048,6/3/2021,M15,37,124,Продажа,50
1049,6/3/2021,M15,38,180,Поступление,70
1050,6/3/2021,M15,38,115,Продажа,70
1051,6/3/2021,M15,39,170,Поступление,95
1052,6/3/2021,M15,39,147,Продажа,95
1053,6/3/2021,M15,40,180,Поступление,15
1054,6/3/2021,M15,40,42,Продажа,15
1055,6/3/2021,M15,41,180,Поступление,35
1056,6/3/2021,M15,41,48,Продажа,35
1057,6/3/2021,M15,42,170,Поступление,90
1058,6/3/2021,M15,42,24,Продажа,90
1059,6/3/2021,M15,43,180,Поступление,40
1060,6/3/2021,M15,43,12,Продажа,40
1061,6/3/2021,M16,17,180,Поступление,95
1062,6/3/2021,M16,17,80,Продажа,95
1063,6/3/2021,M16,19,180,Поступление,90
1064,6/3/2021,M16,19,50,Продажа,90
1065,6/3/2021,M16,20,180,Поступление,80
1066,6/3/2021,M16,20,45,Продажа,80
1067,6/3/2021,M16,21,170,Поступление,105
1068,6/3/2021,M16,21,90,Продажа,105
1069,6/3/2021,M16,22,180,Поступление,115
1070,6/3/2021,M16,22,87,Продажа,115
1071,6/3/2021,M16,23,180,Поступление,120
1072,6/3/2021,M16,23,40,Продажа,120
1073,6/3/2021,M16,35,170,Поступление,55
1074,6/3/2021,M16,35,58,Продажа,55
1075,6/3/2021,M16,37,180,Поступление,50
1076,6/3/2021,M16,37,123,Продажа,50
1077,6/3/2021,M16,38,180,Поступление,70
1078,6/3/2021,M16,38,105,Продажа,70
1079,6/3/2021,M16,39,180,Поступление,95
1080,6/3/2021,M16,39,150,Продажа,95
1081,6/3/2021,M16,40,180,Поступление,15
1082,6/3/2021,M16,40,30,Продажа,15
1083,6/3/2021,M16,41,170,Поступление,35
1084,6/3/2021,M16,41,15,Продажа,35
1085,6/3/2021,M16,42,180,Поступление,90
1086,6/3/2021,M16,42,10,Продажа,90
1087,6/3/2021,M16,43,180,Поступление,40
1088,6/3/2021,M16,43,23,Продажа,40
1089,6/3/2021,M2,17,170,Поступление,95
1090,6/3/2021,M2,17,85,Продажа,95
1091,6/3/2021,M2,19,180,Поступление,90
1092,6/3/2021,M2,19,49,Продажа,90
1093,6/3/2021,M2,20,180,Поступление,80
1094,6/3/2021,M2,20,52,Продажа,80
1095,6/3/2021,M2,21,180,Поступление,105
1096,6/3/2021,M2,21,84,Продажа,105
1097,6/3/2021,M2,22,180,Поступление,115
1098,6/3/2021,M2,22,82,Продажа,115
1099,6/3/2021,M2,23,170,Поступление,120
1100,6/3/2021,M2,23,40,Продажа,120
1101,6/3/2021,M2,35,180,Поступление,55
1102,6/3/2021,M2,35,53,Продажа,55
1103,6/3/2021,M2,37,180,Поступление,50
1104,6/3/2021,M2,37,119,Продажа,50
1105,6/3/2021,M2,38,170,Поступление,70
1106,6/3/2021,M2,38,107,Продажа,70
1107,6/3/2021,M2,39,180,Поступление,95
1108,6/3/2021,M2,39,144,Продажа,95
1109,6/3/2021,M2,40,180,Поступление,15
1110,6/3/2021,M2,40,38,Продажа,15
1111,6/3/2021,M2,41,180,Поступление,35
1112,6/3/2021,M2,41,25,Продажа,35
1113,6/3/2021,M2,42,180,Поступление,90
1114,6/3/2021,M2,42,21,Продажа,90
1115,6/3/2021,M2,43,170,Поступление,40
1116,6/3/2021,M2,43,17,Продажа,40
1117,6/3/2021,M3,17,180,Поступление,95
1118,6/3/2021,M3,17,85,Продажа,95
1119,6/3/2021,M3,19,180,Поступление,90
1120,6/3/2021,M3,19,55,Продажа,90
1121,6/3/2021,M3,20,170,Поступление,80
1122,6/3/2021,M3,20,57,Продажа,80
1123,6/3/2021,M3,21,180,Поступление,105
1124,6/3/2021,M3,21,78,Продажа,105
1125,6/3/2021,M3,22,180,Поступление,115
1126,6/3/2021,M3,22,71,Продажа,115
1127,6/3/2021,M3,23,180,Поступление,120
1128,6/3/2021,M3,23,15,Продажа,120
1129,6/3/2021,M3,35,180,Поступление,55
1130,6/3/2021,M3,35,54,Продажа,55
1131,6/3/2021,M3,37,170,Поступление,50
1132,6/3/2021,M3,37,135,Продажа,50
1133,6/3/2021,M3,38,180,Поступление,70
1134,6/3/2021,M3,38,86,Продажа,70
1135,6/3/2021,M3,39,180,Поступление,95
1136,6/3/2021,M3,39,148,Продажа,95
1137,6/3/2021,M3,40,170,Поступление,15
1138,6/3/2021,M3,40,47,Продажа,15
1139,6/3/2021,M3,41,180,Поступление,35
1140,6/3/2021,M3,41,18,Продажа,35
1141,6/3/2021,M3,42,180,Поступление,90
1142,6/3/2021,M3,42,26,Продажа,90
1143,6/3/2021,M3,43,180,Поступление,40
1144,6/3/2021,M3,43,18,Продажа,40
1145,6/3/2021,M4,17,180,Поступление,95
1146,6/3/2021,M4,17,77,Продажа,95
1147,6/3/2021,M4,19,170,Поступление,90
1148,6/3/2021,M4,19,54,Продажа,90
1149,6/3/2021,M4,20,180,Поступление,80
1150,6/3/2021,M4,20,57,Продажа,80
1151,6/3/2021,M4,21,180,Поступление,105
1152,6/3/2021,M4,21,82,Продажа,105
1153,6/3/2021,M4,22,170,Поступление,115
1154,6/3/2021,M4,22,75,Продажа,115
1155,6/3/2021,M4,23,180,Поступление,120
1156,6/3/2021,M4,23,30,Продажа,120
1157,6/3/2021,M4,35,180,Поступление,55
1158,6/3/2021,M4,35,59,Продажа,55
1159,6/3/2021,M4,37,180,Поступление,50
1160,6/3/2021,M4,37,125,Продажа,50
1161,6/3/2021,M4,38,180,Поступление,70
1162,6/3/2021,M4,38,110,Продажа,70
1163,6/3/2021,M4,39,170,Поступление,95
1164,6/3/2021,M4,39,148,Продажа,95
1165,6/3/2021,M4,40,180,Поступление,15
1166,6/3/2021,M4,40,47,Продажа,15
1167,6/3/2021,M4,41,180,Поступление,35
1168,6/3/2021,M4,41,12,Продажа,35
1169,6/3/2021,M4,42,170,Поступление,90
1170,6/3/2021,M4,42,19,Продажа,90
1171,6/3/2021,M4,43,180,Поступление,40
1172,6/3/2021,M4,43,14,Продажа,40
1173,6/3/2021,M5,17,180,Поступление,95
1174,6/3/2021,M5,17,98,Продажа,95
1175,6/3/2021,M5,19,180,Поступление,90
1176,6/3/2021,M5,19,54,Продажа,90
1177,6/3/2021,M5,20,180,Поступление,80
1178,6/3/2021,M5,20,48,Продажа,80
1179,6/3/2021,M5,21,170,Поступление,105
1180,6/3/2021,M5,21,95,Продажа,105
1181,6/3/2021,M5,22,180,Поступление,115
1182,6/3/2021,M5,22,99,Продажа,115
1183,6/3/2021,M5,23,180,Поступление,120
1184,6/3/2021,M5,23,42,Продажа,120
1185,6/3/2021,M5,35,170,Поступление,55
1186,6/3/2021,M5,35,54,Продажа,55
1187,6/3/2021,M5,37,180,Поступление,50
1188,6/3/2021,M5,37,127,Продажа,50
1189,6/3/2021,M5,38,180,Поступление,70
1190,6/3/2021,M5,38,116,Продажа,70
1191,6/3/2021,M5,39,180,Поступление,95
1192,6/3/2021,M5,39,154,Продажа,95
1193,6/3/2021,M5,40,180,Поступление,15
1194,6/3/2021,M5,40,26,Продажа,15
1195,6/3/2021,M5,41,170,Поступление,35
1196,6/3/2021,M5,41,44,Продажа,35
1197,6/3/2021,M5,42,180,Поступление,90
1198,6/3/2021,M5,42,25,Продажа,90
1199,6/3/2021,M5,43,180,Поступление,40
1200,6/3/2021,M5,43,19,Продажа,40
1201,6/3/2021,M6,17,170,Поступление,95
1202,6/3/2021,M6,17,98,Продажа,95
1203,6/3/2021,M6,19,180,Поступление,90
1204,6/3/2021,M6,19,54,Продажа,90
1205,6/3/2021,M6,20,180,Поступление,80
1206,6/3/2021,M6,20,49,Продажа,80
1207,6/3/2021,M6,21,180,Поступление,105
1208,6/3/2021,M6,21,84,Продажа,105
1209,6/3/2021,M6,22,180,Поступление,115
1210,6/3/2021,M6,22,97,Продажа,115
1211,6/3/2021,M6,23,170,Поступление,120
1212,6/3/2021,M6,23,40,Продажа,120
1213,6/3/2021,M6,35,180,Поступление,55
1214,6/3/2021,M6,35,27,Продажа,55
1215,6/3/2021,M6,37,180,Поступление,50
1216,6/3/2021,M6,37,89,Продажа,50
1217,6/3/2021,M6,38,170,Поступление,70
1218,6/3/2021,M6,38,104,Продажа,70
1219,6/3/2021,M6,39,180,Поступление,95
1220,6/3/2021,M6,39,136,Продажа,95
1221,6/3/2021,M6,40,180,Поступление,15
1222,6/3/2021,M6,40,21,Продажа,15
1223,6/3/2021,M6,41,180,Поступление,35
1224,6/3/2021,M6,41,35,Продажа,35
1225,6/3/2021,M6,42,180,Поступление,90
1226,6/3/2021,M6,42,14,Продажа,90
1227,6/3/2021,M6,43,170,Поступление,40
1228,6/3/2021,M6,43,8,Продажа,40
1229,6/3/2021,M7,17,180,Поступление,95
1230,6/3/2021,M7,17,90,Продажа,95
1231,6/3/2021,M7,19,180,Поступление,90
1232,6/3/2021,M7,19,58,Продажа,90
1233,6/3/2021,M7,20,170,Поступление,80
1234,6/3/2021,M7,20,60,Продажа,80
1235,6/3/2021,M7,21,180,Поступление,105
1236,6/3/2021,M7,21,95,Продажа,105
1237,6/3/2021,M7,22,180,Поступление,115
1238,6/3/2021,M7,22,81,Продажа,115
1239,6/3/2021,M7,23,180,Поступление,120
1240,6/3/2021,M7,23,35,Продажа,120
1241,6/3/2021,M7,35,180,Поступление,55
1242,6/3/2021,M7,35,57,Продажа,55
1243,6/3/2021,M7,37,170,Поступление,50
1244,6/3/2021,M7,37,135,Продажа,50
1245,6/3/2021,M7,38,180,Поступление,70
1246,6/3/2021,M7,38,114,Продажа,70
1247,6/3/2021,M7,39,180,Поступление,95
1248,6/3/2021,M7,39,153,Продажа,95
1249,6/3/2021,M7,40,170,Поступление,15
1250,6/3/2021,M7,40,37,Продажа,15
1251,6/3/2021,M7,41,180,Поступление,35
1252,6/3/2021,M7,41,14,Продажа,35
1253,6/3/2021,M7,42,180,Поступление,90
1254,6/3/2021,M7,42,17,Продажа,90
1255,6/3/2021,M7,43,180,Поступление,40
1256,6/3/2021,M7,43,21,Продажа,40
1257,6/3/2021,M8,17,180,Поступление,95
1258,6/3/2021,M8,17,87,Продажа,95
1259,6/3/2021,M8,19,170,Поступление,90
1260,6/3/2021,M8,19,47,Продажа,90
1261,6/3/2021,M8,20,180,Поступление,80
1262,6/3/2021,M8,20,54,Продажа,80
1263,6/3/2021,M8,21,180,Поступление,105
1264,6/3/2021,M8,21,82,Продажа,105
1265,6/3/2021,M8,22,170,Поступление,115
1266,6/3/2021,M8,22,75,Продажа,115
1267,6/3/2021,M8,23,180,Поступление,120
1268,6/3/2021,M8,23,23,Продажа,120
1269,6/3/2021,M8,35,180,Поступление,55
1270,6/3/2021,M8,35,58,Продажа,55
1271,6/3/2021,M8,37,180,Поступление,50
1272,6/3/2021,M8,37,135,Продажа,50
1273,6/3/2021,M8,38,180,Поступление,70
1274,6/3/2021,M8,38,112,Продажа,70
1275,6/3/2021,M8,39,170,Поступление,95
1276,6/3/2021,M8,39,146,Продажа,95
1277,6/3/2021,M8,40,180,Поступление,15
1278,6/3/2021,M8,40,45,Продажа,15
1279,6/3/2021,M8,41,180,Поступление,35
1280,6/3/2021,M8,41,21,Продажа,35
1281,6/3/2021,M8,42,170,Поступление,90
1282,6/3/2021,M8,42,18,Продажа,90
1283,6/3/2021,M8,43,180,Поступление,40
1284,6/3/2021,M8,43,14,Продажа,40
1285,6/3/2021,M9,17,180,Поступление,95
1286,6/3/2021,M9,17,78,Продажа,95
1287,6/3/2021,M9,19,180,Поступление,90
1288,6/3/2021,M9,19,58,Продажа,90
1289,6/3/2021,M9,20,180,Поступление,80
1290,6/3/2021,M9,20,57,Продажа,80
1291,6/3/2021,M9,21,170,Поступление,105
1292,6/3/2021,M9,21,72,Продажа,105
1293,6/3/2021,M9,22,180,Поступление,115
1294,6/3/2021,M9,22,68,Продажа,115
1295,6/3/2021,M9,23,180,Поступление,120
1296,6/3/2021,M9,23,14,Продажа,120
1297,6/3/2021,M9,35,170,Поступление,55
1298,6/3/2021,M9,35,54,Продажа,55
1299,6/3/2021,M9,37,180,Поступление,50
1300,6/3/2021,M9,37,130,Продажа,50
1301,6/3/2021,M9,38,180,Поступление,70
1302,6/3/2021,M9,38,85,Продажа,70
1303,6/3/2021,M9,39,180,Поступление,95
1304,6/3/2021,M9,39,147,Продажа,95
1305,6/3/2021,M9,40,180,Поступление,15
1306,6/3/2021,M9,40,47,Продажа,15
1307,6/3/2021,M9,41,170,Поступление,35
1308,6/3/2021,M9,41,22,Продажа,35
1309,6/3/2021,M9,42,180,Поступление,90
1310,6/3/2021,M9,42,14,Продажа,90
1311,6/3/2021,M9,43,180,Поступление,40
1312,6/3/2021,M9,43,12,Продажа,40
1313,6/4/2021,M1,15,170,Поступление,70
1314,6/4/2021,M1,15,180,Продажа,70
1315,6/4/2021,M10,15,180,Поступление,70
1316,6/4/2021,M10,15,180,Продажа,70
1317,6/4/2021,M11,15,180,Поступление,70
1318,6/4/2021,M11,15,108,Продажа,70
1319,6/4/2021,M12,15,180,Поступление,70
1320,6/4/2021,M12,15,144,Продажа,70
1321,6/4/2021,M13,15,180,Поступление,70
1322,6/4/2021,M13,15,144,Продажа,70
1323,6/4/2021,M14,15,170,Поступление,70
1324,6/4/2021,M14,15,76,Продажа,70
1325,6/4/2021,M15,15,180,Поступление,70
1326,6/4/2021,M15,15,180,Продажа,70
1327,6/4/2021,M16,15,180,Поступление,70
1328,6/4/2021,M16,15,144,Продажа,70
1329,6/4/2021,M2,15,170,Поступление,70
1330,6/4/2021,M2,15,132,Продажа,70
1331,6/4/2021,M3,15,180,Поступление,70
1332,6/4/2021,M3,15,108,Продажа,70
1333,6/4/2021,M4,15,180,Поступление,70
1334,6/4/2021,M4,15,144,Продажа,70
1335,6/4/2021,M5,15,180,Поступление,70
1336,6/4/2021,M5,15,180,Продажа,70
1337,6/4/2021,M6,15,180,Поступление,70
1338,6/4/2021,M6,15,160,Продажа,70
1339,6/4/2021,M7,15,170,Поступление,70
1340,6/4/2021,M7,15,144,Продажа,70
1341,6/4/2021,M8,15,180,Поступление,70
1342,6/4/2021,M8,15,120,Продажа,70
1343,6/4/2021,M9,15,180,Поступление,70
1344,6/4/2021,M9,15,90,Продажа,70
1345,6/7/2021,M1,2,170,Поступление,75
1346,6/7/2021,M1,2,95,Продажа,75
1347,6/7/2021,M1,11,180,Поступление,190
1348,6/7/2021,M1,11,89,Продажа,190
1349,6/7/2021,M1,12,180,Поступление,85
1350,6/7/2021,M1,12,104,Продажа,85
1351,6/7/2021,M1,31,180,Поступление,240
1352,6/7/2021,M1,31,20,Продажа,240
1353,6/7/2021,M1,32,180,Поступление,350
1354,6/7/2021,M1,32,24,Продажа,350
1355,6/7/2021,M1,36,170,Поступление,120
1356,6/7/2021,M1,36,31,Продажа,120
1357,6/7/2021,M1,49,180,Поступление,200
1358,6/7/2021,M1,49,49,Продажа,200
1359,6/7/2021,M1,50,180,Поступление,195
1360,6/7/2021,M1,50,47,Продажа,195
1361,6/7/2021,M1,51,170,Поступление,350
1362,6/7/2021,M1,51,48,Продажа,350
1363,6/7/2021,M1,52,180,Поступление,180
1364,6/7/2021,M1,52,58,Продажа,180
1365,6/7/2021,M1,53,180,Поступление,190
1366,6/7/2021,M1,53,57,Продажа,190
1367,6/7/2021,M1,54,180,Поступление,230
1368,6/7/2021,M1,54,29,Продажа,230
1369,6/7/2021,M1,55,180,Поступление,160
1370,6/7/2021,M1,55,66,Продажа,160
1371,6/7/2021,M1,56,170,Поступление,180
1372,6/7/2021,M1,56,35,Продажа,180
1373,6/7/2021,M1,57,180,Поступление,400
1374,6/7/2021,M1,57,26,Продажа,400
1375,6/7/2021,M1,58,180,Поступление,470
1376,6/7/2021,M1,58,37,Продажа,470
1377,6/7/2021,M1,59,170,Поступление,500
1378,6/7/2021,M1,59,39,Продажа,500
1379,6/7/2021,M1,60,180,Поступление,400
1380,6/7/2021,M1,60,38,Продажа,400
1381,6/7/2021,M1,61,180,Поступление,220
1382,6/7/2021,M1,61,27,Продажа,220
1383,6/7/2021,M1,62,180,Поступление,170
1384,6/7/2021,M1,62,19,Продажа,170
1385,6/7/2021,M1,63,180,Поступление,150
1386,6/7/2021,M1,63,26,Продажа,150
1387,6/7/2021,M1,64,170,Поступление,350
1388,6/7/2021,M1,64,18,Продажа,350
1389,6/7/2021,M10,2,180,Поступление,75
1390,6/7/2021,M10,2,102,Продажа,75
1391,6/7/2021,M10,11,180,Поступление,190
1392,6/7/2021,M10,11,93,Продажа,190
1393,6/7/2021,M10,12,170,Поступление,85
1394,6/7/2021,M10,12,110,Продажа,85
1395,6/7/2021,M10,31,180,Поступление,240
1396,6/7/2021,M10,31,18,Продажа,240
1397,6/7/2021,M10,32,180,Поступление,350
1398,6/7/2021,M10,32,34,Продажа,350
1399,6/7/2021,M10,36,180,Поступление,120
1400,6/7/2021,M10,36,32,Продажа,120
1401,6/7/2021,M10,49,180,Поступление,200
1402,6/7/2021,M10,49,57,Продажа,200
1403,6/7/2021,M10,50,170,Поступление,195
1404,6/7/2021,M10,50,55,Продажа,195
1405,6/7/2021,M10,51,180,Поступление,350
1406,6/7/2021,M10,51,53,Продажа,350
1407,6/7/2021,M10,52,180,Поступление,180
1408,6/7/2021,M10,52,64,Продажа,180
1409,6/7/2021,M10,53,170,Поступление,190
1410,6/7/2021,M10,53,62,Продажа,190
1411,6/7/2021,M10,54,180,Поступление,230
1412,6/7/2021,M10,54,37,Продажа,230
1413,6/7/2021,M10,55,180,Поступление,160
1414,6/7/2021,M10,55,74,Продажа,160
1415,6/7/2021,M10,56,180,Поступление,180
1416,6/7/2021,M10,56,42,Продажа,180
1417,6/7/2021,M10,57,180,Поступление,400
1418,6/7/2021,M10,57,33,Продажа,400
1419,6/7/2021,M10,58,170,Поступление,470
1420,6/7/2021,M10,58,44,Продажа,470
1421,6/7/2021,M10,59,180,Поступление,500
1422,6/7/2021,M10,59,49,Продажа,500
1423,6/7/2021,M10,60,180,Поступление,400
1424,6/7/2021,M10,60,41,Продажа,400
1425,6/7/2021,M10,61,170,Поступление,220
1426,6/7/2021,M10,61,37,Продажа,220
1427,6/7/2021,M10,62,180,Поступление,170
1428,6/7/2021,M10,62,25,Продажа,170
1429,6/7/2021,M10,63,180,Поступление,150
1430,6/7/2021,M10,63,34,Продажа,150
1431,6/7/2021,M10,64,180,Поступление,350
1432,6/7/2021,M10,64,21,Продажа,350
1433,6/7/2021,M11,2,180,Поступление,75
1434,6/7/2021,M11,2,21,Продажа,75
1435,6/7/2021,M11,11,170,Поступление,190
1436,6/7/2021,M11,11,18,Продажа,190
1437,6/7/2021,M11,12,180,Поступление,85
1438,6/7/2021,M11,12,23,Продажа,85
1439,6/7/2021,M11,31,180,Поступление,240
1440,6/7/2021,M11,31,4,Продажа,240
1441,6/7/2021,M11,32,170,Поступление,350
1442,6/7/2021,M11,32,2,Продажа,350
1443,6/7/2021,M11,36,180,Поступление,120
1444,6/7/2021,M11,36,8,Продажа,120
1445,6/7/2021,M11,49,180,Поступление,200
1446,6/7/2021,M11,49,42,Продажа,200
1447,6/7/2021,M11,50,180,Поступление,195
1448,6/7/2021,M11,50,41,Продажа,195
1449,6/7/2021,M11,51,180,Поступление,350
1450,6/7/2021,M11,51,32,Продажа,350
1451,6/7/2021,M11,52,170,Поступление,180
1452,6/7/2021,M11,52,63,Продажа,180
1453,6/7/2021,M11,53,180,Поступление,190
1454,6/7/2021,M11,53,62,Продажа,190
1455,6/7/2021,M11,54,180,Поступление,230
1456,6/7/2021,M11,54,31,Продажа,230
1457,6/7/2021,M11,55,170,Поступление,160
1458,6/7/2021,M11,55,74,Продажа,160
1459,6/7/2021,M11,56,180,Поступление,180
1460,6/7/2021,M11,56,45,Продажа,180
1461,6/7/2021,M11,57,180,Поступление,400
1462,6/7/2021,M11,57,31,Продажа,400
1463,6/7/2021,M11,58,180,Поступление,470
1464,6/7/2021,M11,58,26,Продажа,470
1465,6/7/2021,M11,59,180,Поступление,500
1466,6/7/2021,M11,59,21,Продажа,500
1467,6/7/2021,M11,60,170,Поступление,400
1468,6/7/2021,M11,60,20,Продажа,400
1469,6/7/2021,M11,61,180,Поступление,220
1470,6/7/2021,M11,61,33,Продажа,220
1471,6/7/2021,M11,62,180,Поступление,170
1472,6/7/2021,M11,62,25,Продажа,170
1473,6/7/2021,M11,63,170,Поступление,150
1474,6/7/2021,M11,63,33,Продажа,150
1475,6/7/2021,M11,64,180,Поступление,350
1476,6/7/2021,M11,64,11,Продажа,350
1477,6/7/2021,M12,2,180,Поступление,75
1478,6/7/2021,M12,2,50,Продажа,75
1479,6/7/2021,M12,11,180,Поступление,190
1480,6/7/2021,M12,11,48,Продажа,190
1481,6/7/2021,M12,12,180,Поступление,85
1482,6/7/2021,M12,12,58,Продажа,85
1483,6/7/2021,M12,31,170,Поступление,240
1484,6/7/2021,M12,31,8,Продажа,240
1485,6/7/2021,M12,32,180,Поступление,350
1486,6/7/2021,M12,32,9,Продажа,350
1487,6/7/2021,M12,36,180,Поступление,120
1488,6/7/2021,M12,36,14,Продажа,120
1489,6/7/2021,M12,49,170,Поступление,200
1490,6/7/2021,M12,49,48,Продажа,200
1491,6/7/2021,M12,50,180,Поступление,195
1492,6/7/2021,M12,50,47,Продажа,195
1493,6/7/2021,M12,51,180,Поступление,350
1494,6/7/2021,M12,51,39,Продажа,350
1495,6/7/2021,M12,52,180,Поступление,180
1496,6/7/2021,M12,52,57,Продажа,180
1497,6/7/2021,M12,53,180,Поступление,190
1498,6/7/2021,M12,53,55,Продажа,190
1499,6/7/2021,M12,54,170,Поступление,230
1500,6/7/2021,M12,54,28,Продажа,230
1501,6/7/2021,M12,55,180,Поступление,160
1502,6/7/2021,M12,55,64,Продажа,160
1503,6/7/2021,M12,56,180,Поступление,180
1504,6/7/2021,M12,56,37,Продажа,180
1505,6/7/2021,M12,57,170,Поступление,400
1506,6/7/2021,M12,57,18,Продажа,400
1507,6/7/2021,M12,58,180,Поступление,470
1508,6/7/2021,M12,58,29,Продажа,470
1509,6/7/2021,M12,59,180,Поступление,500
1510,6/7/2021,M12,59,27,Продажа,500
1511,6/7/2021,M12,60,180,Поступление,400
1512,6/7/2021,M12,60,35,Продажа,400
1513,6/7/2021,M12,61,180,Поступление,220
1514,6/7/2021,M12,61,29,Продажа,220
1515,6/7/2021,M12,62,170,Поступление,170
1516,6/7/2021,M12,62,18,Продажа,170
1517,6/7/2021,M12,63,180,Поступление,150
1518,6/7/2021,M12,63,23,Продажа,150
1519,6/7/2021,M12,64,180,Поступление,350
1520,6/7/2021,M12,64,25,Продажа,350
1521,6/7/2021,M13,2,170,Поступление,75
1522,6/7/2021,M13,2,47,Продажа,75
1523,6/7/2021,M13,11,180,Поступление,190
1524,6/7/2021,M13,11,54,Продажа,190
1525,6/7/2021,M13,12,180,Поступление,85
1526,6/7/2021,M13,12,72,Продажа,85
1527,6/7/2021,M13,31,180,Поступление,240
1528,6/7/2021,M13,31,8,Продажа,240
1529,6/7/2021,M13,32,180,Поступление,350
1530,6/7/2021,M13,32,6,Продажа,350
1531,6/7/2021,M13,36,170,Поступление,120
1532,6/7/2021,M13,36,19,Продажа,120
1533,6/7/2021,M13,49,180,Поступление,200
1534,6/7/2021,M13,49,55,Продажа,200
1535,6/7/2021,M13,50,180,Поступление,195
1536,6/7/2021,M13,50,52,Продажа,195
1537,6/7/2021,M13,51,170,Поступление,350
1538,6/7/2021,M13,51,43,Продажа,350
1539,6/7/2021,M13,52,180,Поступление,180
1540,6/7/2021,M13,52,61,Продажа,180
1541,6/7/2021,M13,53,180,Поступление,190
1542,6/7/2021,M13,53,67,Продажа,190
1543,6/7/2021,M13,54,180,Поступление,230
1544,6/7/2021,M13,54,34,Продажа,230
1545,6/7/2021,M13,55,180,Поступление,160
1546,6/7/2021,M13,55,72,Продажа,160
1547,6/7/2021,M13,56,170,Поступление,180
1548,6/7/2021,M13,56,48,Продажа,180
1549,6/7/2021,M13,57,180,Поступление,400
1550,6/7/2021,M13,57,24,Продажа,400
1551,6/7/2021,M13,58,180,Поступление,470
1552,6/7/2021,M13,58,31,Продажа,470
1553,6/7/2021,M13,59,170,Поступление,500
1554,6/7/2021,M13,59,32,Продажа,500
1555,6/7/2021,M13,60,180,Поступление,400
1556,6/7/2021,M13,60,43,Продажа,400
1557,6/7/2021,M13,61,180,Поступление,220
1558,6/7/2021,M13,61,31,Продажа,220
1559,6/7/2021,M13,62,180,Поступление,170
1560,6/7/2021,M13,62,22,Продажа,170
1561,6/7/2021,M13,63,180,Поступление,150
1562,6/7/2021,M13,63,37,Продажа,150
1563,6/7/2021,M13,64,170,Поступление,350
1564,6/7/2021,M13,64,26,Продажа,350
1565,6/7/2021,M14,2,180,Поступление,75
1566,6/7/2021,M14,2,26,Продажа,75
1567,6/7/2021,M14,11,180,Поступление,190
1568,6/7/2021,M14,11,14,Продажа,190
1569,6/7/2021,M14,12,170,Поступление,85
1570,6/7/2021,M14,12,21,Продажа,85
1571,6/7/2021,M14,31,180,Поступление,240
1572,6/7/2021,M14,31,4,Продажа,240
1573,6/7/2021,M14,32,180,Поступление,350
1574,6/7/2021,M14,32,3,Продажа,350
1575,6/7/2021,M14,36,180,Поступление,120
1576,6/7/2021,M14,36,11,Продажа,120
1577,6/7/2021,M14,49,180,Поступление,200
1578,6/7/2021,M14,49,37,Продажа,200
1579,6/7/2021,M14,50,170,Поступление,195
1580,6/7/2021,M14,50,35,Продажа,195
1581,6/7/2021,M14,51,180,Поступление,350
1582,6/7/2021,M14,51,28,Продажа,350
1583,6/7/2021,M14,52,180,Поступление,180
1584,6/7/2021,M14,52,58,Продажа,180
1585,6/7/2021,M14,53,170,Поступление,190
1586,6/7/2021,M14,53,59,Продажа,190
1587,6/7/2021,M14,54,180,Поступление,230
1588,6/7/2021,M14,54,24,Продажа,230
1589,6/7/2021,M14,55,180,Поступление,160
1590,6/7/2021,M14,55,65,Продажа,160
1591,6/7/2021,M14,56,180,Поступление,180
1592,6/7/2021,M14,56,37,Продажа,180
1593,6/7/2021,M14,57,180,Поступление,400
1594,6/7/2021,M14,57,28,Продажа,400
1595,6/7/2021,M14,58,170,Поступление,470
1596,6/7/2021,M14,58,19,Продажа,470
1597,6/7/2021,M14,59,180,Поступление,500
1598,6/7/2021,M14,59,18,Продажа,500
1599,6/7/2021,M14,60,180,Поступление,400
1600,6/7/2021,M14,60,16,Продажа,400
1601,6/7/2021,M14,61,170,Поступление,220
1602,6/7/2021,M14,61,25,Продажа,220
1603,6/7/2021,M14,62,180,Поступление,170
1604,6/7/2021,M14,62,15,Продажа,170
1605,6/7/2021,M14,63,180,Поступление,150
1606,6/7/2021,M14,63,27,Продажа,150
1607,6/7/2021,M14,64,180,Поступление,350
1608,6/7/2021,M14,64,14,Продажа,350
1609,6/7/2021,M15,2,180,Поступление,75
1610,6/7/2021,M15,2,95,Продажа,75
1611,6/7/2021,M15,11,170,Поступление,190
1612,6/7/2021,M15,11,87,Продажа,190
1613,6/7/2021,M15,12,180,Поступление,85
1614,6/7/2021,M15,12,115,Продажа,85
1615,6/7/2021,M15,31,180,Поступление,240
1616,6/7/2021,M15,31,12,Продажа,240
1617,6/7/2021,M15,32,170,Поступление,350
1618,6/7/2021,M15,32,19,Продажа,350
1619,6/7/2021,M15,36,180,Поступление,120
1620,6/7/2021,M15,36,27,Продажа,120
1621,6/7/2021,M15,49,180,Поступление,200
1622,6/7/2021,M15,49,49,Продажа,200
1623,6/7/2021,M15,50,180,Поступление,195
1624,6/7/2021,M15,50,47,Продажа,195
1625,6/7/2021,M15,51,180,Поступление,350
1626,6/7/2021,M15,51,48,Продажа,350
1627,6/7/2021,M15,52,170,Поступление,180
1628,6/7/2021,M15,52,58,Продажа,180
1629,6/7/2021,M15,53,180,Поступление,190
1630,6/7/2021,M15,53,57,Продажа,190
1631,6/7/2021,M15,54,180,Поступление,230
1632,6/7/2021,M15,54,29,Продажа,230
1633,6/7/2021,M15,55,170,Поступление,160
1634,6/7/2021,M15,55,66,Продажа,160
1635,6/7/2021,M15,56,180,Поступление,180
1636,6/7/2021,M15,56,35,Продажа,180
1637,6/7/2021,M15,57,180,Поступление,400
1638,6/7/2021,M15,57,26,Продажа,400
1639,6/7/2021,M15,58,180,Поступление,470
1640,6/7/2021,M15,58,37,Продажа,470
1641,6/7/2021,M15,59,180,Поступление,500
1642,6/7/2021,M15,59,39,Продажа,500
1643,6/7/2021,M15,60,170,Поступление,400
1644,6/7/2021,M15,60,38,Продажа,400
1645,6/7/2021,M15,61,180,Поступление,220
1646,6/7/2021,M15,61,27,Продажа,220
1647,6/7/2021,M15,62,180,Поступление,170
1648,6/7/2021,M15,62,19,Продажа,170
1649,6/7/2021,M15,63,170,Поступление,150
1650,6/7/2021,M15,63,26,Продажа,150
1651,6/7/2021,M15,64,180,Поступление,350
1652,6/7/2021,M15,64,18,Продажа,350
1653,6/7/2021,M16,2,180,Поступление,75
1654,6/7/2021,M16,2,60,Продажа,75
1655,6/7/2021,M16,11,180,Поступление,190
1656,6/7/2021,M16,11,65,Продажа,190
1657,6/7/2021,M16,12,180,Поступление,85
1658,6/7/2021,M16,12,57,Продажа,85
1659,6/7/2021,M16,31,170,Поступление,240
1660,6/7/2021,M16,31,8,Продажа,240
1661,6/7/2021,M16,32,180,Поступление,350
1662,6/7/2021,M16,32,7,Продажа,350
1663,6/7/2021,M16,36,180,Поступление,120
1664,6/7/2021,M16,36,18,Продажа,120
1665,6/7/2021,M16,49,170,Поступление,200
1666,6/7/2021,M16,49,50,Продажа,200
1667,6/7/2021,M16,50,180,Поступление,195
1668,6/7/2021,M16,50,50,Продажа,195
1669,6/7/2021,M16,51,180,Поступление,350
1670,6/7/2021,M16,51,40,Продажа,350
1671,6/7/2021,M16,52,180,Поступление,180
1672,6/7/2021,M16,52,60,Продажа,180
1673,6/7/2021,M16,53,180,Поступление,190
1674,6/7/2021,M16,53,60,Продажа,190
1675,6/7/2021,M16,54,170,Поступление,230
1676,6/7/2021,M16,54,30,Продажа,230
1677,6/7/2021,M16,55,180,Поступление,160
1678,6/7/2021,M16,55,70,Продажа,160
1679,6/7/2021,M16,56,180,Поступление,180
1680,6/7/2021,M16,56,40,Продажа,180
1681,6/7/2021,M16,57,170,Поступление,400
1682,6/7/2021,M16,57,20,Продажа,400
1683,6/7/2021,M16,58,180,Поступление,470
1684,6/7/2021,M16,58,30,Продажа,470
1685,6/7/2021,M16,59,180,Поступление,500
1686,6/7/2021,M16,59,30,Продажа,500
1687,6/7/2021,M16,60,180,Поступление,400
1688,6/7/2021,M16,60,40,Продажа,400
1689,6/7/2021,M16,61,180,Поступление,220
1690,6/7/2021,M16,61,30,Продажа,220
1691,6/7/2021,M16,62,170,Поступление,170
1692,6/7/2021,M16,62,20,Продажа,170
1693,6/7/2021,M16,63,180,Поступление,150
1694,6/7/2021,M16,63,30,Продажа,150
1695,6/7/2021,M16,64,180,Поступление,350
1696,6/7/2021,M16,64,20,Продажа,350
1697,6/7/2021,M2,2,170,Поступление,75
1698,6/7/2021,M2,2,54,Продажа,75
1699,6/7/2021,M2,11,180,Поступление,190
1700,6/7/2021,M2,11,63,Продажа,190
1701,6/7/2021,M2,12,180,Поступление,85
1702,6/7/2021,M2,12,71,Продажа,85
1703,6/7/2021,M2,31,180,Поступление,240
1704,6/7/2021,M2,31,11,Продажа,240
1705,6/7/2021,M2,32,180,Поступление,350
1706,6/7/2021,M2,32,9,Продажа,350
1707,6/7/2021,M2,36,170,Поступление,120
1708,6/7/2021,M2,36,16,Продажа,120
1709,6/7/2021,M2,49,180,Поступление,200
1710,6/7/2021,M2,49,48,Продажа,200
1711,6/7/2021,M2,50,180,Поступление,195
1712,6/7/2021,M2,50,47,Продажа,195
1713,6/7/2021,M2,51,170,Поступление,350
1714,6/7/2021,M2,51,39,Продажа,350
1715,6/7/2021,M2,52,180,Поступление,180
1716,6/7/2021,M2,52,57,Продажа,180
1717,6/7/2021,M2,53,180,Поступление,190
1718,6/7/2021,M2,53,55,Продажа,190
1719,6/7/2021,M2,54,180,Поступление,230
1720,6/7/2021,M2,54,28,Продажа,230
1721,6/7/2021,M2,55,180,Поступление,160
1722,6/7/2021,M2,55,64,Продажа,160
1723,6/7/2021,M2,56,170,Поступление,180
1724,6/7/2021,M2,56,37,Продажа,180
1725,6/7/2021,M2,57,180,Поступление,400
1726,6/7/2021,M2,57,18,Продажа,400
1727,6/7/2021,M2,58,180,Поступление,470
1728,6/7/2021,M2,58,29,Продажа,470
1729,6/7/2021,M2,59,170,Поступление,500
1730,6/7/2021,M2,59,27,Продажа,500
1731,6/7/2021,M2,60,180,Поступление,400
1732,6/7/2021,M2,60,35,Продажа,400
1733,6/7/2021,M2,61,180,Поступление,220
1734,6/7/2021,M2,61,29,Продажа,220
1735,6/7/2021,M2,62,180,Поступление,170
1736,6/7/2021,M2,62,18,Продажа,170
1737,6/7/2021,M2,63,180,Поступление,150
1738,6/7/2021,M2,63,23,Продажа,150
1739,6/7/2021,M2,64,170,Поступление,350
1740,6/7/2021,M2,64,25,Продажа,350
1741,6/7/2021,M3,2,180,Поступление,75
1742,6/7/2021,M3,2,27,Продажа,75
1743,6/7/2021,M3,11,180,Поступление,190
1744,6/7/2021,M3,11,10,Продажа,190
1745,6/7/2021,M3,12,170,Поступление,85
1746,6/7/2021,M3,12,25,Продажа,85
1747,6/7/2021,M3,31,180,Поступление,240
1748,6/7/2021,M3,31,5,Продажа,240
1749,6/7/2021,M3,32,180,Поступление,350
1750,6/7/2021,M3,32,4,Продажа,350
1751,6/7/2021,M3,36,180,Поступление,120
1752,6/7/2021,M3,36,12,Продажа,120
1753,6/7/2021,M3,49,180,Поступление,200
1754,6/7/2021,M3,49,42,Продажа,200
1755,6/7/2021,M3,50,170,Поступление,195
1756,6/7/2021,M3,50,41,Продажа,195
1757,6/7/2021,M3,51,180,Поступление,350
1758,6/7/2021,M3,51,34,Продажа,350
1759,6/7/2021,M3,52,180,Поступление,180
1760,6/7/2021,M3,52,63,Продажа,180
1761,6/7/2021,M3,53,170,Поступление,190
1762,6/7/2021,M3,53,62,Продажа,190
1763,6/7/2021,M3,54,180,Поступление,230
1764,6/7/2021,M3,54,31,Продажа,230
1765,6/7/2021,M3,55,180,Поступление,160
1766,6/7/2021,M3,55,74,Продажа,160
1767,6/7/2021,M3,56,180,Поступление,180
1768,6/7/2021,M3,56,45,Продажа,180
1769,6/7/2021,M3,57,180,Поступление,400
1770,6/7/2021,M3,57,35,Продажа,400
1771,6/7/2021,M3,58,170,Поступление,470
1772,6/7/2021,M3,58,26,Продажа,470
1773,6/7/2021,M3,59,180,Поступление,500
1774,6/7/2021,M3,59,21,Продажа,500
1775,6/7/2021,M3,60,180,Поступление,400
1776,6/7/2021,M3,60,25,Продажа,400
1777,6/7/2021,M3,61,170,Поступление,220
1778,6/7/2021,M3,61,33,Продажа,220
1779,6/7/2021,M3,62,180,Поступление,170
1780,6/7/2021,M3,62,25,Продажа,170
1781,6/7/2021,M3,63,180,Поступление,150
1782,6/7/2021,M3,63,33,Продажа,150
1783,6/7/2021,M3,64,180,Поступление,350
1784,6/7/2021,M3,64,16,Продажа,350
1785,6/7/2021,M4,2,180,Поступление,75
1786,6/7/2021,M4,2,56,Продажа,75
1787,6/7/2021,M4,11,170,Поступление,190
1788,6/7/2021,M4,11,65,Продажа,190
1789,6/7/2021,M4,12,180,Поступление,85
1790,6/7/2021,M4,12,75,Продажа,85
1791,6/7/2021,M4,31,180,Поступление,240
1792,6/7/2021,M4,31,12,Продажа,240
1793,6/7/2021,M4,32,170,Поступление,350
1794,6/7/2021,M4,32,11,Продажа,350
1795,6/7/2021,M4,36,180,Поступление,120
1796,6/7/2021,M4,36,18,Продажа,120
1797,6/7/2021,M4,49,180,Поступление,200
1798,6/7/2021,M4,49,55,Продажа,200
1799,6/7/2021,M4,50,180,Поступление,195
1800,6/7/2021,M4,50,52,Продажа,195
1801,6/7/2021,M4,51,180,Поступление,350
1802,6/7/2021,M4,51,43,Продажа,350
1803,6/7/2021,M4,52,170,Поступление,180
1804,6/7/2021,M4,52,61,Продажа,180
1805,6/7/2021,M4,53,180,Поступление,190
1806,6/7/2021,M4,53,67,Продажа,190
1807,6/7/2021,M4,54,180,Поступление,230
1808,6/7/2021,M4,54,34,Продажа,230
1809,6/7/2021,M4,55,170,Поступление,160
1810,6/7/2021,M4,55,72,Продажа,160
1811,6/7/2021,M4,56,180,Поступление,180
1812,6/7/2021,M4,56,48,Продажа,180
1813,6/7/2021,M4,57,180,Поступление,400
1814,6/7/2021,M4,57,24,Продажа,400
1815,6/7/2021,M4,58,180,Поступление,470
1816,6/7/2021,M4,58,31,Продажа,470
1817,6/7/2021,M4,59,180,Поступление,500
1818,6/7/2021,M4,59,32,Продажа,500
1819,6/7/2021,M4,60,170,Поступление,400
1820,6/7/2021,M4,60,43,Продажа,400
1821,6/7/2021,M4,61,180,Поступление,220
1822,6/7/2021,M4,61,31,Продажа,220
1823,6/7/2021,M4,62,180,Поступление,170
1824,6/7/2021,M4,62,22,Продажа,170
1825,6/7/2021,M4,63,170,Поступление,150
1826,6/7/2021,M4,63,37,Продажа,150
1827,6/7/2021,M4,64,180,Поступление,350
1828,6/7/2021,M4,64,26,Продажа,350
1829,6/7/2021,M5,2,180,Поступление,75
1830,6/7/2021,M5,2,97,Продажа,75
1831,6/7/2021,M5,11,180,Поступление,190
1832,6/7/2021,M5,11,104,Продажа,190
1833,6/7/2021,M5,12,180,Поступление,85
1834,6/7/2021,M5,12,121,Продажа,85
1835,6/7/2021,M5,31,170,Поступление,240
1836,6/7/2021,M5,31,19,Продажа,240
1837,6/7/2021,M5,32,180,Поступление,350
1838,6/7/2021,M5,32,21,Продажа,350
1839,6/7/2021,M5,36,180,Поступление,120
1840,6/7/2021,M5,36,28,Продажа,120
1841,6/7/2021,M5,49,170,Поступление,200
1842,6/7/2021,M5,49,57,Продажа,200
1843,6/7/2021,M5,50,180,Поступление,195
1844,6/7/2021,M5,50,55,Продажа,195
1845,6/7/2021,M5,51,180,Поступление,350
1846,6/7/2021,M5,51,53,Продажа,350
1847,6/7/2021,M5,52,180,Поступление,180
1848,6/7/2021,M5,52,64,Продажа,180
1849,6/7/2021,M5,53,180,Поступление,190
1850,6/7/2021,M5,53,62,Продажа,190
1851,6/7/2021,M5,54,170,Поступление,230
1852,6/7/2021,M5,54,37,Продажа,230
1853,6/7/2021,M5,55,180,Поступление,160
1854,6/7/2021,M5,55,74,Продажа,160
1855,6/7/2021,M5,56,180,Поступление,180
1856,6/7/2021,M5,56,42,Продажа,180
1857,6/7/2021,M5,57,170,Поступление,400
1858,6/7/2021,M5,57,33,Продажа,400
1859,6/7/2021,M5,58,180,Поступление,470
1860,6/7/2021,M5,58,44,Продажа,470
1861,6/7/2021,M5,59,180,Поступление,500
1862,6/7/2021,M5,59,49,Продажа,500
1863,6/7/2021,M5,60,180,Поступление,400
1864,6/7/2021,M5,60,41,Продажа,400
1865,6/7/2021,M5,61,180,Поступление,220
1866,6/7/2021,M5,61,37,Продажа,220
1867,6/7/2021,M5,62,170,Поступление,170
1868,6/7/2021,M5,62,25,Продажа,170
1869,6/7/2021,M5,63,180,Поступление,150
1870,6/7/2021,M5,63,34,Продажа,150
1871,6/7/2021,M5,64,180,Поступление,350
1872,6/7/2021,M5,64,21,Продажа,350
1873,6/7/2021,M6,2,170,Поступление,75
1874,6/7/2021,M6,2,97,Продажа,75
1875,6/7/2021,M6,11,180,Поступление,190
1876,6/7/2021,M6,11,104,Продажа,190
1877,6/7/2021,M6,12,180,Поступление,85
1878,6/7/2021,M6,12,112,Продажа,85
1879,6/7/2021,M6,31,180,Поступление,240
1880,6/7/2021,M6,31,14,Продажа,240
1881,6/7/2021,M6,32,180,Поступление,350
1882,6/7/2021,M6,32,19,Продажа,350
1883,6/7/2021,M6,36,170,Поступление,120
1884,6/7/2021,M6,36,14,Продажа,120
1885,6/7/2021,M6,49,180,Поступление,200
1886,6/7/2021,M6,49,50,Продажа,200
1887,6/7/2021,M6,50,180,Поступление,195
1888,6/7/2021,M6,50,50,Продажа,195
1889,6/7/2021,M6,51,170,Поступление,350
1890,6/7/2021,M6,51,50,Продажа,350
1891,6/7/2021,M6,52,180,Поступление,180
1892,6/7/2021,M6,52,60,Продажа,180
1893,6/7/2021,M6,53,180,Поступление,190
1894,6/7/2021,M6,53,60,Продажа,190
1895,6/7/2021,M6,54,180,Поступление,230
1896,6/7/2021,M6,54,30,Продажа,230
1897,6/7/2021,M6,55,180,Поступление,160
1898,6/7/2021,M6,55,70,Продажа,160
1899,6/7/2021,M6,56,170,Поступление,180
1900,6/7/2021,M6,56,40,Продажа,180
1901,6/7/2021,M6,57,180,Поступление,400
1902,6/7/2021,M6,57,30,Продажа,400
1903,6/7/2021,M6,58,180,Поступление,470
1904,6/7/2021,M6,58,40,Продажа,470
1905,6/7/2021,M6,59,170,Поступление,500
1906,6/7/2021,M6,59,40,Продажа,500
1907,6/7/2021,M6,60,180,Поступление,400
1908,6/7/2021,M6,60,40,Продажа,400
1909,6/7/2021,M6,61,180,Поступление,220
1910,6/7/2021,M6,61,30,Продажа,220
1911,6/7/2021,M6,62,180,Поступление,170
1912,6/7/2021,M6,62,40,Продажа,170
1913,6/7/2021,M6,63,180,Поступление,150
1914,6/7/2021,M6,63,30,Продажа,150
1915,6/7/2021,M6,64,170,Поступление,350
1916,6/7/2021,M6,64,20,Продажа,350
1917,6/7/2021,M7,2,180,Поступление,75
1918,6/7/2021,M7,2,75,Продажа,75
1919,6/7/2021,M7,11,180,Поступление,190
1920,6/7/2021,M7,11,54,Продажа,190
1921,6/7/2021,M7,12,170,Поступление,85
1922,6/7/2021,M7,12,63,Продажа,85
1923,6/7/2021,M7,31,180,Поступление,240
1924,6/7/2021,M7,31,3,Продажа,240
1925,6/7/2021,M7,32,180,Поступление,350
1926,6/7/2021,M7,32,5,Продажа,350
1927,6/7/2021,M7,36,180,Поступление,120
1928,6/7/2021,M7,36,10,Продажа,120
1929,6/7/2021,M7,49,180,Поступление,200
1930,6/7/2021,M7,49,48,Продажа,200
1931,6/7/2021,M7,50,170,Поступление,195
1932,6/7/2021,M7,50,47,Продажа,195
1933,6/7/2021,M7,51,180,Поступление,350
1934,6/7/2021,M7,51,39,Продажа,350
1935,6/7/2021,M7,52,180,Поступление,180
1936,6/7/2021,M7,52,57,Продажа,180
1937,6/7/2021,M7,53,170,Поступление,190
1938,6/7/2021,M7,53,55,Продажа,190
1939,6/7/2021,M7,54,180,Поступление,230
1940,6/7/2021,M7,54,28,Продажа,230
1941,6/7/2021,M7,55,180,Поступление,160
1942,6/7/2021,M7,55,64,Продажа,160
1943,6/7/2021,M7,56,180,Поступление,180
1944,6/7/2021,M7,56,37,Продажа,180
1945,6/7/2021,M7,57,180,Поступление,400
1946,6/7/2021,M7,57,18,Продажа,400
1947,6/7/2021,M7,58,170,Поступление,470
1948,6/7/2021,M7,58,29,Продажа,470
1949,6/7/2021,M7,59,180,Поступление,500
1950,6/7/2021,M7,59,27,Продажа,500
1951,6/7/2021,M7,60,180,Поступление,400
1952,6/7/2021,M7,60,35,Продажа,400
1953,6/7/2021,M7,61,170,Поступление,220
1954,6/7/2021,M7,61,29,Продажа,220
1955,6/7/2021,M7,62,180,Поступление,170
1956,6/7/2021,M7,62,18,Продажа,170
1957,6/7/2021,M7,63,180,Поступление,150
1958,6/7/2021,M7,63,23,Продажа,150
1959,6/7/2021,M7,64,180,Поступление,350
1960,6/7/2021,M7,64,25,Продажа,350
1961,6/7/2021,M8,2,180,Поступление,75
1962,6/7/2021,M8,2,65,Продажа,75
1963,6/7/2021,M8,11,170,Поступление,190
1964,6/7/2021,M8,11,56,Продажа,190
1965,6/7/2021,M8,12,180,Поступление,85
1966,6/7/2021,M8,12,71,Продажа,85
1967,6/7/2021,M8,31,180,Поступление,240
1968,6/7/2021,M8,31,14,Продажа,240
1969,6/7/2021,M8,32,170,Поступление,350
1970,6/7/2021,M8,32,8,Продажа,350
1971,6/7/2021,M8,36,180,Поступление,120
1972,6/7/2021,M8,36,12,Продажа,120
1973,6/7/2021,M8,49,180,Поступление,200
1974,6/7/2021,M8,49,55,Продажа,200
1975,6/7/2021,M8,50,180,Поступление,195
1976,6/7/2021,M8,50,52,Продажа,195
1977,6/7/2021,M8,51,180,Поступление,350
1978,6/7/2021,M8,51,43,Продажа,350
1979,6/7/2021,M8,52,170,Поступление,180
1980,6/7/2021,M8,52,61,Продажа,180
1981,6/7/2021,M8,53,180,Поступление,190
1982,6/7/2021,M8,53,67,Продажа,190
1983,6/7/2021,M8,54,180,Поступление,230
1984,6/7/2021,M8,54,34,Продажа,230
1985,6/7/2021,M8,55,170,Поступление,160
1986,6/7/2021,M8,55,72,Продажа,160
1987,6/7/2021,M8,56,180,Поступление,180
1988,6/7/2021,M8,56,48,Продажа,180
1989,6/7/2021,M8,57,180,Поступление,400
1990,6/7/2021,M8,57,24,Продажа,400
1991,6/7/2021,M8,58,180,Поступление,470
1992,6/7/2021,M8,58,31,Продажа,470
1993,6/7/2021,M8,59,180,Поступление,500
1994,6/7/2021,M8,59,32,Продажа,500
1995,6/7/2021,M8,60,170,Поступление,400
1996,6/7/2021,M8,60,43,Продажа,400
1997,6/7/2021,M8,61,180,Поступление,220
1998,6/7/2021,M8,61,31,Продажа,220
1999,6/7/2021,M8,62,180,Поступление,170
2000,6/7/2021,M8,62,22,Продажа,170
2001,6/7/2021,M8,63,170,Поступление,150
2002,6/7/2021,M8,63,37,Продажа,150
2003,6/7/2021,M8,64,180,Поступление,350
2004,6/7/2021,M8,64,26,Продажа,350
2005,6/7/2021,M9,2,180,Поступление,75
2006,6/7/2021,M9,2,28,Продажа,75
2007,6/7/2021,M9,11,180,Поступление,190
2008,6/7/2021,M9,11,15,Продажа,190
2009,6/7/2021,M9,12,180,Поступление,85
2010,6/7/2021,M9,12,31,Продажа,85
2011,6/7/2021,M9,31,170,Поступление,240
2012,6/7/2021,M9,31,2,Продажа,240
2013,6/7/2021,M9,32,180,Поступление,350
2014,6/7/2021,M9,32,1,Продажа,350
2015,6/7/2021,M9,36,180,Поступление,120
2016,6/7/2021,M9,36,7,Продажа,120
2017,6/7/2021,M9,49,170,Поступление,200
2018,6/7/2021,M9,49,37,Продажа,200
2019,6/7/2021,M9,50,180,Поступление,195
2020,6/7/2021,M9,50,35,Продажа,195
2021,6/7/2021,M9,51,180,Поступление,350
2022,6/7/2021,M9,51,28,Продажа,350
2023,6/7/2021,M9,52,180,Поступление,180
2024,6/7/2021,M9,52,58,Продажа,180
2025,6/7/2021,M9,53,180,Поступление,190
2026,6/7/2021,M9,53,59,Продажа,190
2027,6/7/2021,M9,54,170,Поступление,230
2028,6/7/2021,M9,54,22,Продажа,230
2029,6/7/2021,M9,55,180,Поступление,160
2030,6/7/2021,M9,55,65,Продажа,160
2031,6/7/2021,M9,56,180,Поступление,180
2032,6/7/2021,M9,56,37,Продажа,180
2033,6/7/2021,M9,57,170,Поступление,400
2034,6/7/2021,M9,57,28,Продажа,400
2035,6/7/2021,M9,58,180,Поступление,470
2036,6/7/2021,M9,58,13,Продажа,470
2037,6/7/2021,M9,59,180,Поступление,500
2038,6/7/2021,M9,59,18,Продажа,500
2039,6/7/2021,M9,60,180,Поступление,400
2040,6/7/2021,M9,60,16,Продажа,400
2041,6/7/2021,M9,61,180,Поступление,220
2042,6/7/2021,M9,61,25,Продажа,220
2043,6/7/2021,M9,62,170,Поступление,170
2044,6/7/2021,M9,62,15,Продажа,170
2045,6/7/2021,M9,63,180,Поступление,150
2046,6/7/2021,M9,63,27,Продажа,150
2047,6/7/2021,M9,64,180,Поступление,350
2048,6/7/2021,M9,64,14,Продажа,350
2049,6/8/2021,M1,4,170,Поступление,75
2050,6/8/2021,M1,4,36,Продажа,75
2051,6/8/2021,M1,5,180,Поступление,70
2052,6/8/2021,M1,5,36,Продажа,70
2053,6/8/2021,M1,6,180,Поступление,50
2054,6/8/2021,M1,6,36,Продажа,50
2055,6/8/2021,M1,9,180,Поступление,55
2056,6/8/2021,M1,9,30,Продажа,55
2057,6/8/2021,M1,10,180,Поступление,70
2058,6/8/2021,M1,10,30,Продажа,70
2059,6/8/2021,M1,13,170,Поступление,60
2060,6/8/2021,M1,13,24,Продажа,60
2061,6/8/2021,M1,15,180,Поступление,70
2062,6/8/2021,M1,15,80,Продажа,70
2063,6/8/2021,M10,4,180,Поступление,75
2064,6/8/2021,M10,4,36,Продажа,75
2065,6/8/2021,M10,5,170,Поступление,70
2066,6/8/2021,M10,5,36,Продажа,70
2067,6/8/2021,M10,6,180,Поступление,50
2068,6/8/2021,M10,6,36,Продажа,50
2069,6/8/2021,M10,9,180,Поступление,55
2070,6/8/2021,M10,9,30,Продажа,55
2071,6/8/2021,M10,10,180,Поступление,70
2072,6/8/2021,M10,10,30,Продажа,70
2073,6/8/2021,M10,13,180,Поступление,60
2074,6/8/2021,M10,13,24,Продажа,60
2075,6/8/2021,M10,15,170,Поступление,70
2076,6/8/2021,M10,15,70,Продажа,70
2077,6/8/2021,M11,4,180,Поступление,75
2078,6/8/2021,M11,4,24,Продажа,75
2079,6/8/2021,M11,5,180,Поступление,70
2080,6/8/2021,M11,5,12,Продажа,70
2081,6/8/2021,M11,6,170,Поступление,50
2082,6/8/2021,M11,6,15,Продажа,50
2083,6/8/2021,M11,9,180,Поступление,55
2084,6/8/2021,M11,9,18,Продажа,55
2085,6/8/2021,M11,10,180,Поступление,70
2086,6/8/2021,M11,10,18,Продажа,70
2087,6/8/2021,M11,13,180,Поступление,60
2088,6/8/2021,M11,13,16,Продажа,60
2089,6/8/2021,M11,15,180,Поступление,70
2090,6/8/2021,M11,15,36,Продажа,70
2091,6/8/2021,M12,4,170,Поступление,75
2092,6/8/2021,M12,4,36,Продажа,75
2093,6/8/2021,M12,5,180,Поступление,70
2094,6/8/2021,M12,5,24,Продажа,70
2095,6/8/2021,M12,6,180,Поступление,50
2096,6/8/2021,M12,6,18,Продажа,50
2097,6/8/2021,M12,9,170,Поступление,55
2098,6/8/2021,M12,9,30,Продажа,55
2099,6/8/2021,M12,10,180,Поступление,70
2100,6/8/2021,M12,10,18,Продажа,70
2101,6/8/2021,M12,13,180,Поступление,60
2102,6/8/2021,M12,13,20,Продажа,60
2103,6/8/2021,M12,15,180,Поступление,70
2104,6/8/2021,M12,15,36,Продажа,70
2105,6/8/2021,M13,4,180,Поступление,75
2106,6/8/2021,M13,4,36,Продажа,75
2107,6/8/2021,M13,5,170,Поступление,70
2108,6/8/2021,M13,5,24,Продажа,70
2109,6/8/2021,M13,6,180,Поступление,50
2110,6/8/2021,M13,6,18,Продажа,50
2111,6/8/2021,M13,9,180,Поступление,55
2112,6/8/2021,M13,9,30,Продажа,55
2113,6/8/2021,M13,10,170,Поступление,70
2114,6/8/2021,M13,10,18,Продажа,70
2115,6/8/2021,M13,13,180,Поступление,60
2116,6/8/2021,M13,13,20,Продажа,60
2117,6/8/2021,M13,15,180,Поступление,70
2118,6/8/2021,M13,15,72,Продажа,70
2119,6/8/2021,M14,4,180,Поступление,75
2120,6/8/2021,M14,4,24,Продажа,75
2121,6/8/2021,M14,5,180,Поступление,70
2122,6/8/2021,M14,5,12,Продажа,70
2123,6/8/2021,M14,6,170,Поступление,50
2124,6/8/2021,M14,6,15,Продажа,50
2125,6/8/2021,M14,9,180,Поступление,55
2126,6/8/2021,M14,9,18,Продажа,55
2127,6/8/2021,M14,10,180,Поступление,70
2128,6/8/2021,M14,10,18,Продажа,70
2129,6/8/2021,M14,13,170,Поступление,60
2130,6/8/2021,M14,13,16,Продажа,60
2131,6/8/2021,M14,15,180,Поступление,70
2132,6/8/2021,M14,15,0,Продажа,70
2133,6/8/2021,M15,4,180,Поступление,75
2134,6/8/2021,M15,4,36,Продажа,75
2135,6/8/2021,M15,5,180,Поступление,70
2136,6/8/2021,M15,5,36,Продажа,70
2137,6/8/2021,M15,6,180,Поступление,50
2138,6/8/2021,M15,6,36,Продажа,50
2139,6/8/2021,M15,9,170,Поступление,55
2140,6/8/2021,M15,9,30,Продажа,55
2141,6/8/2021,M15,10,180,Поступление,70
2142,6/8/2021,M15,10,30,Продажа,70
2143,6/8/2021,M15,13,180,Поступление,60
2144,6/8/2021,M15,13,24,Продажа,60
2145,6/8/2021,M15,15,170,Поступление,70
2146,6/8/2021,M15,15,90,Продажа,70
2147,6/8/2021,M16,4,180,Поступление,75
2148,6/8/2021,M16,4,36,Продажа,75
2149,6/8/2021,M16,5,180,Поступление,70
2150,6/8/2021,M16,5,24,Продажа,70
2151,6/8/2021,M16,6,180,Поступление,50
2152,6/8/2021,M16,6,18,Продажа,50
2153,6/8/2021,M16,9,180,Поступление,55
2154,6/8/2021,M16,9,30,Продажа,55
2155,6/8/2021,M16,10,170,Поступление,70
2156,6/8/2021,M16,10,18,Продажа,70
2157,6/8/2021,M16,13,180,Поступление,60
2158,6/8/2021,M16,13,20,Продажа,60
2159,6/8/2021,M16,15,180,Поступление,70
2160,6/8/2021,M16,15,40,Продажа,70
2161,6/8/2021,M2,4,170,Поступление,75
2162,6/8/2021,M2,4,36,Продажа,75
2163,6/8/2021,M2,5,180,Поступление,70
2164,6/8/2021,M2,5,24,Продажа,70
2165,6/8/2021,M2,6,180,Поступление,50
2166,6/8/2021,M2,6,18,Продажа,50
2167,6/8/2021,M2,9,180,Поступление,55
2168,6/8/2021,M2,9,30,Продажа,55
2169,6/8/2021,M2,10,180,Поступление,70
2170,6/8/2021,M2,10,18,Продажа,70
2171,6/8/2021,M2,13,170,Поступление,60
2172,6/8/2021,M2,13,20,Продажа,60
2173,6/8/2021,M2,15,180,Поступление,70
2174,6/8/2021,M2,15,0,Продажа,70
2175,6/8/2021,M3,4,180,Поступление,75
2176,6/8/2021,M3,4,24,Продажа,75
2177,6/8/2021,M3,5,170,Поступление,70
2178,6/8/2021,M3,5,12,Продажа,70
2179,6/8/2021,M3,6,180,Поступление,50
2180,6/8/2021,M3,6,15,Продажа,50
2181,6/8/2021,M3,9,180,Поступление,55
2182,6/8/2021,M3,9,18,Продажа,55
2183,6/8/2021,M3,10,180,Поступление,70
2184,6/8/2021,M3,10,18,Продажа,70
2185,6/8/2021,M3,13,180,Поступление,60
2186,6/8/2021,M3,13,16,Продажа,60
2187,6/8/2021,M3,15,170,Поступление,70
2188,6/8/2021,M3,15,24,Продажа,70
2189,6/8/2021,M4,4,180,Поступление,75
2190,6/8/2021,M4,4,36,Продажа,75
2191,6/8/2021,M4,5,180,Поступление,70
2192,6/8/2021,M4,5,24,Продажа,70
2193,6/8/2021,M4,6,170,Поступление,50
2194,6/8/2021,M4,6,18,Продажа,50
2195,6/8/2021,M4,9,180,Поступление,55
2196,6/8/2021,M4,9,30,Продажа,55
2197,6/8/2021,M4,10,180,Поступление,70
2198,6/8/2021,M4,10,18,Продажа,70
2199,6/8/2021,M4,13,180,Поступление,60
2200,6/8/2021,M4,13,20,Продажа,60
2201,6/8/2021,M4,15,180,Поступление,70
2202,6/8/2021,M4,15,20,Продажа,70
2203,6/8/2021,M5,4,170,Поступление,75
2204,6/8/2021,M5,4,36,Продажа,75
2205,6/8/2021,M5,5,180,Поступление,70
2206,6/8/2021,M5,5,36,Продажа,70
2207,6/8/2021,M5,6,180,Поступление,50
2208,6/8/2021,M5,6,36,Продажа,50
2209,6/8/2021,M5,9,170,Поступление,55
2210,6/8/2021,M5,9,30,Продажа,55
2211,6/8/2021,M5,10,180,Поступление,70
2212,6/8/2021,M5,10,30,Продажа,70
2213,6/8/2021,M5,13,180,Поступление,60
2214,6/8/2021,M5,13,24,Продажа,60
2215,6/8/2021,M5,15,180,Поступление,70
2216,6/8/2021,M5,15,20,Продажа,70
2217,6/8/2021,M6,4,180,Поступление,75
2218,6/8/2021,M6,4,36,Продажа,75
2219,6/8/2021,M6,5,170,Поступление,70
2220,6/8/2021,M6,5,36,Продажа,70
2221,6/8/2021,M6,6,180,Поступление,50
2222,6/8/2021,M6,6,36,Продажа,50
2223,6/8/2021,M6,9,180,Поступление,55
2224,6/8/2021,M6,9,30,Продажа,55
2225,6/8/2021,M6,10,170,Поступление,70
2226,6/8/2021,M6,10,30,Продажа,70
2227,6/8/2021,M6,13,180,Поступление,60
2228,6/8/2021,M6,13,24,Продажа,60
2229,6/8/2021,M6,15,180,Поступление,70
2230,6/8/2021,M6,15,0,Продажа,70
2231,6/8/2021,M7,4,180,Поступление,75
2232,6/8/2021,M7,4,36,Продажа,75
2233,6/8/2021,M7,5,180,Поступление,70
2234,6/8/2021,M7,5,24,Продажа,70
2235,6/8/2021,M7,6,170,Поступление,50
2236,6/8/2021,M7,6,18,Продажа,50
2237,6/8/2021,M7,9,180,Поступление,55
2238,6/8/2021,M7,9,30,Продажа,55
2239,6/8/2021,M7,10,180,Поступление,70
2240,6/8/2021,M7,10,18,Продажа,70
2241,6/8/2021,M7,13,170,Поступление,60
2242,6/8/2021,M7,13,20,Продажа,60
2243,6/8/2021,M7,15,180,Поступление,70
2244,6/8/2021,M7,15,60,Продажа,70
2245,6/8/2021,M8,4,180,Поступление,75
2246,6/8/2021,M8,4,36,Продажа,75
2247,6/8/2021,M8,5,180,Поступление,70
2248,6/8/2021,M8,5,24,Продажа,70
2249,6/8/2021,M8,6,180,Поступление,50
2250,6/8/2021,M8,6,18,Продажа,50
2251,6/8/2021,M8,9,170,Поступление,55
2252,6/8/2021,M8,9,30,Продажа,55
2253,6/8/2021,M8,10,180,Поступление,70
2254,6/8/2021,M8,10,18,Продажа,70
2255,6/8/2021,M8,13,180,Поступление,60
2256,6/8/2021,M8,13,20,Продажа,60
2257,6/8/2021,M8,15,170,Поступление,70
2258,6/8/2021,M8,15,10,Продажа,70
2259,6/8/2021,M9,4,180,Поступление,75
2260,6/8/2021,M9,4,24,Продажа,75
2261,6/8/2021,M9,5,180,Поступление,70
2262,6/8/2021,M9,5,12,Продажа,70
2263,6/8/2021,M9,6,180,Поступление,50
2264,6/8/2021,M9,6,15,Продажа,50
2265,6/8/2021,M9,9,180,Поступление,55
2266,6/8/2021,M9,9,18,Продажа,55
2267,6/8/2021,M9,10,170,Поступление,70
2268,6/8/2021,M9,10,18,Продажа,70
2269,6/8/2021,M9,13,180,Поступление,60
2270,6/8/2021,M9,13,16,Продажа,60
2271,6/8/2021,M9,15,180,Поступление,70
2272,6/8/2021,M9,15,12,Продажа,70
